Age,MP_x,PF,TS%,TRB%,AST%,STL%,BLK%,TOV%,USG%,BPM,NumOfAwards,All-Star,AwardWinner,FirstTeam,SecondTeam,ThirdTeam,DefTeam1,DefTeam2,Next_Year_Salary,Pos_C,Pos_PF,Pos_PG,Pos_SF,Pos_SG
24.0,11.0,0.9,0.617,5.7,6.4,0.7,0.6,5.5,15.2,-2.1,0,0,0,0,0,0,0,0,2120693,0,0,0,0,1
20.0,8.6,0.3,0.382,5.7,3.7,0.3,1.1,11.3,17.3,-9.6,0,0,0,0,0,0,0,0,250000,0,0,0,1,0
28.0,31.5,1.9,0.607,11.4,15.2,1.2,1.7,11.2,17.8,1.3,0,0,0,0,0,0,0,0,22841455,0,1,0,0,0
27.0,16.3,1.6,0.578,5.2,15.4,1.6,0.4,10.6,16.7,-1.5,0,0,0,0,0,0,0,0,4668000,0,0,1,0,0
24.0,27.7,3.3,0.631,7.8,6.6,1.5,2.0,8.4,16.0,-0.5,0,0,0,0,0,0,0,0,11000000,0,0,0,1,0
25.0,15.7,1.2,0.664,8.4,9.3,2.2,1.4,12.1,16.4,0.7,0,0,0,0,0,0,0,0,10514017,0,0,0,0,1
37.0,26.8,1.4,0.65,12.8,12.3,1.1,3.1,10.0,12.0,3.6,0,0,0,0,0,0,0,0,9500000,1,0,0,0,0
32.0,18.4,1.1,0.536,6.9,10.7,1.1,0.9,7.0,24.4,-2.3,0,0,0,0,0,0,0,0,2087519,0,0,0,0,1
29.0,28.7,2.5,0.613,7.5,16.4,2.9,3.5,14.9,14.7,2.5,2,0,0,0,0,0,0,1,9890000,0,0,0,0,1
30.0,9.3,1.4,0.625,16.1,14.4,1.2,6.8,22.0,11.8,0.2,0,0,0,0,0,0,0,0,2831348,1,0,0,0,0
30.0,9.3,1.4,0.625,16.1,14.4,1.2,6.8,22.0,11.8,0.2,0,0,0,0,0,0,0,0,2831348,1,0,0,0,0
21.0,22.4,2.3,0.576,15.8,17.0,2.7,2.5,14.9,18.5,1.8,0,0,0,0,0,0,0,0,9249960,0,0,0,1,0
26.0,20.9,1.5,0.604,5.7,6.8,1.4,0.9,7.9,12.5,-2.2,0,0,0,0,0,0,0,0,3938271,0,0,0,1,0
30.0,17.1,1.8,0.576,29.3,4.1,2.7,3.6,12.3,21.3,0.1,0,0,0,0,0,0,0,0,5000000,1,0,0,0,0
22.0,10.0,1.6,0.596,10.8,10.8,1.3,0.9,21.1,10.0,-3.6,0,0,0,0,0,0,0,0,1891857,0,0,0,0,1
24.0,25.0,2.1,0.573,4.7,20.0,1.8,0.3,15.6,16.0,-2.2,0,0,0,0,0,0,0,0,2019699,0,0,1,0,0
28.0,27.0,2.1,0.544,9.0,8.6,1.1,1.9,9.2,20.9,-2.5,0,0,0,0,0,0,0,0,26276786,0,0,0,1,0
24.0,34.4,2.1,0.568,5.9,27.6,0.7,0.3,12.1,28.0,0.2,0,0,0,0,0,0,0,0,25892857,0,0,0,0,1
20.0,16.9,1.6,0.56,7.0,10.6,1.5,1.7,16.6,12.7,-3.0,0,0,0,0,0,0,0,0,7607760,0,0,1,0,0
30.0,35.5,2.3,0.621,19.8,15.5,1.6,5.7,9.5,26.7,5.1,4,1,0,0,1,0,1,0,43219440,1,0,0,0,0
22.0,35.1,1.8,0.575,8.8,24.6,1.8,1.3,11.9,32.3,3.3,4,1,0,0,1,0,0,0,42176400,0,0,0,0,1
31.0,9.3,1.0,0.537,10.8,10.0,1.3,1.9,11.6,18.0,-4.1,0,0,0,0,0,0,0,0,2237691,0,1,0,0,0
21.0,25.1,2.8,0.522,14.2,10.8,2.1,3.2,13.6,16.6,-2.2,0,0,0,0,0,0,0,0,8376000,0,0,0,1,0
25.0,32.1,1.9,0.613,7.4,23.5,1.2,0.8,14.1,20.3,0.4,0,0,0,0,0,0,0,0,12976362,0,0,0,0,1
24.0,29.1,2.2,0.604,5.5,15.6,1.5,1.7,11.9,17.2,-0.8,0,0,0,0,0,0,0,0,7000000,0,0,0,0,1
26.0,34.0,2.2,0.576,17.3,18.9,1.7,2.7,12.0,24.9,2.4,3,1,0,0,0,0,1,0,34848340,1,0,0,0,0
22.0,14.3,1.5,0.524,6.2,7.5,1.9,0.2,5.9,13.2,-3.4,0,0,0,0,0,0,0,0,2663880,0,0,0,0,1
27.0,23.9,2.4,0.571,18.1,33.2,1.7,2.3,25.1,13.0,2.4,0,0,0,0,0,0,0,0,40011909,0,0,1,0,0
27.0,23.9,2.4,0.571,18.1,33.2,1.7,2.3,25.1,13.0,2.4,0,0,0,0,0,0,0,0,40011909,0,0,1,0,0
21.0,26.1,2.0,0.562,8.6,9.8,1.1,0.7,11.3,23.4,-3.4,0,0,0,0,0,0,0,0,7245720,0,0,0,1,0
19.0,27.2,2.2,0.543,8.0,8.2,1.6,2.3,15.1,14.2,-4.2,0,0,0,0,0,0,0,0,6945240,0,0,0,1,0
31.0,19.8,2.2,0.562,14.5,9.5,0.7,4.4,21.3,10.7,-3.4,0,0,0,0,0,0,0,0,143967,1,0,0,0,0
31.0,19.8,2.2,0.562,14.5,9.5,0.7,4.4,21.3,10.7,-3.4,0,0,0,0,0,0,0,0,143967,1,0,0,0,0
31.0,19.8,2.2,0.562,14.5,9.5,0.7,4.4,21.3,10.7,-3.4,0,0,0,0,0,0,0,0,143967,1,0,0,0,0
31.0,19.8,2.2,0.562,14.5,9.5,0.7,4.4,21.3,10.7,-3.4,0,0,0,0,0,0,0,0,143967,1,0,0,0,0
20.0,14.4,1.5,0.537,5.8,25.3,1.6,0.9,18.1,14.7,-4.0,0,0,0,0,0,0,0,0,2624280,0,0,0,0,1
28.0,24.5,2.3,0.581,16.6,7.8,1.6,1.4,8.6,22.9,-0.8,1,0,0,0,0,0,0,0,12578286,0,1,0,0,0
31.0,30.4,2.3,0.569,6.2,14.9,1.9,1.0,8.7,22.3,0.2,1,0,0,0,0,0,0,0,17260000,0,0,0,0,1
34.0,25.9,1.7,0.581,5.7,10.3,1.0,0.3,11.9,24.6,-3.2,1,0,0,0,0,0,0,0,19032850,0,1,0,0,0
24.0,10.9,1.0,0.7,16.5,5.3,1.0,4.7,10.7,16.5,2.1,0,0,0,0,0,0,0,0,2087519,0,1,0,0,0
23.0,14.6,1.4,0.49,5.7,24.5,2.4,0.7,14.4,24.8,-3.6,0,0,0,0,0,0,0,0,4158439,0,0,1,0,0
30.0,33.3,2.4,0.607,7.4,22.5,1.4,1.3,14.2,22.7,0.4,0,0,0,0,0,0,0,0,50203930,0,0,0,0,1
20.0,26.6,1.6,0.54,11.7,18.1,1.5,0.6,12.2,15.4,-0.1,1,0,0,0,0,0,0,0,3519960,0,0,0,0,1
27.0,22.3,1.3,0.548,13.1,12.2,1.8,4.2,4.6,20.8,1.0,0,0,0,0,0,0,0,0,12500000,0,1,0,0,0
26.0,32.9,2.3,0.578,8.6,26.7,1.2,1.9,12.4,27.2,1.2,0,0,0,0,0,0,0,0,36016200,0,0,0,1,0
21.0,32.2,2.5,0.552,7.4,11.6,1.4,1.6,10.2,23.9,-2.6,1,0,0,0,0,0,0,0,11424600,0,0,0,1,0
20.0,18.3,1.3,0.511,9.6,13.0,1.1,0.9,16.6,20.3,-5.5,0,0,0,0,0,0,0,0,2571480,0,0,0,1,0
35.0,30.5,2.4,0.608,9.3,7.1,0.9,6.7,8.8,16.0,1.0,0,0,0,0,0,0,0,0,23000000,1,0,0,0,0
27.0,27.9,2.2,0.563,8.5,13.2,1.5,0.8,11.8,16.5,-3.3,0,0,0,0,0,0,0,0,23000000,0,0,0,0,1
25.0,15.2,2.4,0.615,15.4,9.3,1.8,3.7,16.1,16.7,-2.3,0,0,0,0,0,0,0,0,1115128,1,0,0,0,0
31.0,25.7,2.0,0.578,7.0,14.5,1.6,1.6,10.5,19.2,0.4,0,0,0,0,0,0,0,0,8780488,0,0,0,1,0
32.0,32.7,1.9,0.592,7.4,21.4,1.4,1.9,9.0,24.7,3.1,0,0,0,0,0,0,0,0,33333333,0,0,1,0,0
22.0,33.5,2.5,0.546,7.2,37.5,1.3,0.9,14.1,30.8,0.3,0,0,0,0,0,0,0,0,13940809,0,0,1,0,0
21.0,13.8,1.0,0.582,6.1,4.8,0.9,0.5,6.9,12.5,-1.9,0,0,0,0,0,0,0,0,2019699,0,0,0,1,0
28.0,27.4,2.0,0.531,9.1,11.8,1.3,1.6,11.3,17.3,-2.0,0,0,0,0,0,0,0,0,9186594,0,0,0,1,0
24.0,20.5,1.3,0.504,5.6,6.0,2.3,1.2,10.7,12.7,-3.2,0,0,0,0,0,0,0,0,2463946,0,0,0,1,0
22.0,31.4,2.1,0.554,5.6,15.7,1.1,0.7,8.5,30.5,-1.2,0,0,0,0,0,0,0,0,4041249,0,0,0,0,1
19.0,18.7,1.4,0.561,11.0,6.0,1.7,1.8,8.2,27.1,0.1,0,0,0,0,0,0,0,0,3379080,0,0,0,1,0
27.0,27.6,1.8,0.582,8.6,12.9,1.5,0.8,7.9,19.6,0.4,0,0,0,0,0,0,0,0,22500000,0,1,0,0,0
29.0,16.7,1.6,0.566,4.9,21.9,1.6,0.8,11.4,19.1,-1.1,0,0,0,0,0,0,0,0,2087519,0,0,1,0,0
29.0,16.7,1.6,0.566,4.9,21.9,1.6,0.8,11.4,19.1,-1.1,0,0,0,0,0,0,0,0,2087519,0,0,1,0,0
29.0,28.8,1.8,0.524,8.0,25.7,1.9,1.6,11.4,23.1,0.2,0,0,0,0,0,0,0,0,16615384,0,0,0,0,1
20.0,20.6,1.6,0.612,6.2,8.9,2.2,2.0,8.9,12.9,0.1,0,0,0,0,0,0,0,0,5555880,0,0,0,0,1
23.0,10.8,1.6,0.739,20.0,14.1,1.9,6.9,26.0,11.9,1.3,0,0,0,0,0,0,0,0,2087519,1,0,0,0,0
21.0,29.4,2.4,0.632,15.0,11.6,1.1,7.3,10.9,21.6,3.4,1,0,0,0,0,0,0,0,10880640,1,0,0,0,0
31.0,14.1,1.4,0.625,16.1,4.5,1.0,3.0,9.8,17.3,-1.7,0,0,0,0,0,0,0,0,10810000,0,1,0,0,0
26.0,12.2,1.4,0.512,8.3,7.8,1.9,1.0,10.4,14.9,-3.4,0,0,0,0,0,0,0,0,5893768,0,0,0,1,0
20.0,4.3,0.7,0.547,12.8,7.2,1.1,0.0,17.4,13.8,-8.0,0,0,0,0,0,0,0,0,1891857,0,0,0,1,0
38.0,26.4,1.9,0.544,7.9,33.4,2.2,0.4,13.4,15.6,1.0,0,0,0,0,0,0,0,0,10460000,0,0,1,0,0
22.0,20.2,1.7,0.554,10.2,10.2,1.3,1.8,9.2,15.7,-1.9,0,0,0,0,0,0,0,0,3089640,0,0,0,0,1
28.0,17.4,1.4,0.568,16.2,7.4,0.9,3.3,14.1,17.6,-2.8,0,0,0,0,0,0,0,0,3036040,0,1,0,0,0
25.0,9.2,0.4,0.465,10.9,6.2,1.0,1.5,12.2,13.3,-3.4,0,0,0,0,0,0,0,0,119972,0,0,0,1,0
29.0,25.8,2.2,0.59,22.4,6.9,1.1,5.1,9.5,17.3,0.1,0,0,0,0,0,0,0,0,22265280,1,0,0,0,0
23.0,36.5,2.4,0.57,6.9,20.8,0.9,0.6,11.1,22.7,-0.7,0,0,0,0,0,0,0,0,12000000,0,0,1,0,0
28.0,26.9,1.7,0.46,8.1,19.1,2.1,2.2,16.1,16.1,-3.5,0,0,0,0,0,0,0,0,8120000,0,0,0,1,0
31.0,7.4,1.0,0.483,19.5,15.2,1.4,1.5,16.9,12.9,-2.6,0,0,0,0,0,0,0,0,3500000,1,0,0,0,0
21.0,6.4,1.0,0.422,11.7,13.9,1.8,2.4,11.6,19.1,-5.0,0,0,0,0,0,0,0,0,2120693,0,0,0,0,1
23.0,22.4,2.2,0.545,10.1,19.8,1.7,1.9,12.8,23.7,0.1,0,0,0,0,0,0,0,0,12900000,0,0,1,0,0
25.0,26.6,2.0,0.607,5.4,29.5,1.4,0.8,12.1,27.5,1.9,0,0,0,0,0,0,0,0,18350000,0,0,0,0,1
24.0,25.8,1.8,0.62,5.8,10.7,0.9,0.6,10.2,19.6,-2.1,0,0,0,0,0,0,0,0,5705887,0,0,0,1,0
32.0,11.4,1.0,0.47,5.5,17.2,0.7,0.9,15.2,11.3,-4.7,0,0,0,0,0,0,0,0,3303771,0,0,1,0,0
23.0,12.7,0.8,0.564,9.4,26.5,1.6,2.1,15.1,20.2,0.5,0,0,0,0,0,0,0,0,1891857,0,0,1,0,0
27.0,32.7,2.1,0.588,5.3,27.6,1.3,1.3,11.8,23.0,0.9,0,0,0,0,0,0,0,0,18692307,0,0,1,0,0
26.0,2.7,0.1,0.391,6.1,14.9,0.0,2.0,14.4,19.6,-8.1,0,0,0,0,0,0,0,0,2425404,0,0,0,0,1
26.0,2.7,0.1,0.391,6.1,14.9,0.0,2.0,14.4,19.6,-8.1,0,0,0,0,0,0,0,0,2425404,0,0,0,0,1
26.0,2.7,0.1,0.391,6.1,14.9,0.0,2.0,14.4,19.6,-8.1,0,0,0,0,0,0,0,0,2425404,0,0,0,0,1
26.0,2.7,0.1,0.391,6.1,14.9,0.0,2.0,14.4,19.6,-8.1,0,0,0,0,0,0,0,0,2425404,0,0,0,0,1
24.0,19.4,1.2,0.504,9.5,19.4,1.6,1.7,12.2,25.7,-1.3,0,0,0,0,0,0,0,0,2196970,0,0,1,0,0
21.0,11.5,1.4,0.512,9.3,15.6,2.0,2.7,15.4,13.4,-2.3,0,0,0,0,0,0,0,0,3510480,0,0,0,0,1
33.0,35.3,1.8,0.59,6.8,28.8,1.3,0.6,11.4,28.4,2.1,2,1,0,0,0,0,0,0,48787676,0,0,1,0,0
25.0,24.5,3.1,0.731,16.7,9.1,1.7,7.1,11.7,14.7,2.6,0,0,0,0,0,0,0,0,13394160,1,0,0,0,0
31.0,16.9,2.1,0.597,13.6,8.3,1.0,4.5,11.8,15.4,-1.6,0,0,0,0,0,0,0,0,2087519,1,0,0,0,0
31.0,16.9,2.1,0.597,13.6,8.3,1.0,4.5,11.8,15.4,-1.6,0,0,0,0,0,0,0,0,2087519,1,0,0,0,0
28.0,19.8,1.5,0.645,7.5,19.3,1.0,0.4,12.9,15.0,-0.6,0,0,0,0,0,0,0,0,3150000,0,0,1,0,0
29.0,17.2,1.8,0.6,13.9,17.8,1.4,0.8,15.4,19.5,1.0,0,0,0,0,0,0,0,0,5168000,1,0,0,0,0
19.0,12.0,0.0,0.255,9.1,15.6,0.0,3.8,0.0,10.6,-7.9,0,0,0,0,0,0,0,0,3114240,0,0,0,1,0
24.0,33.4,1.7,0.56,4.5,29.4,1.9,0.3,16.1,25.3,-1.0,0,0,0,0,0,0,0,0,36725670,0,0,1,0,0
22.0,18.1,1.1,0.484,9.8,10.3,1.1,0.9,11.5,18.1,-5.0,0,0,0,0,0,0,0,0,2967212,0,1,0,0,0
22.0,18.1,1.1,0.484,9.8,10.3,1.1,0.9,11.5,18.1,-5.0,0,0,0,0,0,0,0,0,2967212,0,1,0,0,0
25.0,15.3,1.2,0.555,4.8,16.0,0.7,0.2,11.2,14.9,-3.4,0,0,0,0,0,0,0,0,6451077,0,0,1,0,0
22.0,15.1,2.1,0.596,23.1,14.0,1.3,4.3,16.7,19.7,0.0,0,0,0,0,0,0,0,0,3989122,1,0,0,0,0
26.0,35.9,2.6,0.567,7.2,25.2,2.7,1.1,10.1,31.0,2.7,1,0,0,0,0,0,0,0,34848340,0,0,1,0,0
26.0,29.5,2.6,0.595,7.2,7.3,1.1,0.9,10.0,20.6,-2.4,0,0,0,0,0,0,0,0,21696429,0,0,0,1,0
25.0,26.9,2.2,0.533,7.6,15.4,2.9,1.4,9.0,18.3,0.5,0,0,0,0,0,0,0,0,12822000,0,0,0,0,1
35.0,11.0,1.6,0.61,22.0,8.5,0.8,3.4,16.5,15.4,-1.7,0,0,0,0,0,0,0,0,2087519,1,0,0,0,0
34.0,37.8,2.0,0.584,6.4,21.8,1.5,1.5,7.7,25.8,1.8,1,0,0,0,0,0,0,0,23400000,0,0,0,1,0
27.0,20.5,1.7,0.598,11.1,5.0,1.8,2.0,7.6,10.5,0.1,0,0,0,0,0,0,0,0,6166667,0,1,0,0,0
25.0,32.4,2.0,0.587,19.1,8.8,1.5,2.1,11.2,21.1,0.3,0,0,0,0,0,0,0,0,34005126,1,0,0,0,0
27.0,35.7,1.8,0.555,8.1,27.9,1.9,0.8,11.3,26.6,1.7,0,0,0,0,0,0,0,0,29517135,0,0,0,0,1
31.0,15.8,0.7,0.505,6.3,20.8,3.5,1.3,6.3,12.8,0.4,0,0,0,0,0,0,0,0,2087519,0,0,1,0,0
31.0,15.8,0.7,0.505,6.3,20.8,3.5,1.3,6.3,12.8,0.4,0,0,0,0,0,0,0,0,2087519,0,0,1,0,0
23.0,30.1,2.5,0.597,12.8,17.8,1.2,1.3,14.8,20.2,-0.9,0,0,0,0,0,0,0,0,15625000,0,0,0,1,0
30.0,31.1,2.1,0.55,5.3,28.0,1.2,0.6,13.0,20.3,-1.8,0,0,0,0,0,0,0,0,13025250,0,0,1,0,0
19.0,23.5,2.6,0.728,16.0,6.4,1.3,5.2,13.1,12.6,0.5,1,0,0,0,0,0,0,0,5014560,1,0,0,0,0
26.0,23.5,1.6,0.592,7.7,5.5,1.4,2.5,10.5,14.9,-1.5,0,0,0,0,0,0,0,0,9523810,0,0,0,1,0
26.0,23.5,1.6,0.592,7.7,5.5,1.4,2.5,10.5,14.9,-1.5,0,0,0,0,0,0,0,0,9523810,0,0,0,1,0
29.0,32.6,2.1,0.611,7.0,21.2,1.5,3.2,11.0,18.6,3.8,2,0,0,0,0,0,0,1,20071429,0,0,0,0,1
25.0,34.4,2.9,0.589,7.0,29.2,1.5,1.4,11.7,28.5,2.8,0,0,0,0,0,0,0,0,34005250,0,0,0,0,1
27.0,36.0,3.0,0.611,7.1,31.2,1.2,1.0,10.6,29.8,3.0,2,1,0,0,0,1,0,0,49205800,0,0,1,0,0
23.0,33.1,1.1,0.578,6.3,19.1,1.5,0.8,8.6,23.5,0.0,0,0,0,0,0,0,0,0,29347826,0,0,0,0,1
28.0,30.9,3.3,0.549,5.9,7.5,1.4,0.4,9.6,17.6,-3.6,0,0,0,0,0,0,0,0,22255493,0,0,0,1,0
27.0,35.7,3.0,0.637,21.4,33.9,1.2,1.5,17.9,22.2,6.5,3,0,0,0,0,1,0,0,40500000,1,0,0,0,0
27.0,35.3,2.1,0.595,8.1,28.3,2.6,1.4,11.1,31.4,5.8,1,1,0,0,0,0,0,0,35410310,0,0,0,0,1
27.0,29.1,2.0,0.597,7.1,13.7,2.3,1.4,9.7,21.3,3.4,0,0,0,0,0,0,0,0,11445000,0,0,0,0,1
30.0,28.4,2.2,0.546,9.0,7.6,1.4,1.8,10.0,13.2,-2.0,0,0,0,0,0,0,0,0,14924167,0,1,0,0,0
32.0,14.1,1.0,0.6,3.6,10.3,0.8,0.2,8.7,14.9,-3.4,0,0,0,0,0,0,0,0,2087519,0,0,0,1,0
33.0,27.1,3.0,0.587,14.4,28.6,1.8,2.9,25.0,15.3,2.4,0,0,0,0,0,0,0,0,24107143,0,1,0,0,0
26.0,15.6,1.5,0.645,15.6,7.2,1.1,4.6,17.2,13.2,-1.2,0,0,0,0,0,0,0,0,5000000,1,0,0,0,0
29.0,28.0,2.4,0.612,5.1,15.1,1.2,0.8,11.7,19.0,-0.9,0,0,0,0,0,0,0,0,19406000,0,0,0,1,0
27.0,17.9,2.4,0.571,11.5,8.9,1.3,2.8,8.8,20.7,-0.9,0,0,0,0,0,0,0,0,2048780,1,0,0,0,0
32.0,13.3,1.8,0.716,14.0,12.4,1.5,2.1,18.1,9.1,-0.3,0,0,0,0,0,0,0,0,4000000,1,0,0,0,0
20.0,22.3,1.7,0.529,9.7,15.4,3.1,1.8,15.0,12.6,0.6,0,0,0,0,0,0,0,0,6059520,0,0,1,0,0
31.0,15.7,1.3,0.583,5.1,7.2,1.9,1.7,6.8,17.4,-1.4,0,0,0,0,0,0,0,0,5250000,0,1,0,0,0
23.0,2.9,0.3,0.291,12.1,5.2,4.3,8.6,22.5,16.8,-4.7,0,0,0,0,0,0,0,0,706898,0,1,0,0,0
35.0,27.8,1.2,0.58,3.6,10.0,1.7,1.4,10.2,16.5,-1.7,0,0,0,0,0,0,0,0,3303771,0,0,0,0,1
26.0,9.1,1.4,0.549,11.6,13.0,3.2,1.0,10.0,22.5,-2.3,0,0,0,0,0,0,0,0,119972,0,0,0,1,0
22.0,30.6,2.7,0.626,17.2,15.9,1.5,4.2,12.5,20.6,2.9,0,0,0,0,0,0,0,0,11227657,0,1,0,0,0
22.0,32.5,2.3,0.575,9.6,18.8,1.6,1.1,10.0,25.7,1.2,0,0,0,0,0,0,0,0,7007092,0,0,0,1,0
29.0,36.8,2.5,0.568,5.6,31.1,1.8,2.0,10.1,19.7,3.4,0,0,0,0,0,0,0,0,42846615,0,0,1,0,0
19.0,25.7,1.3,0.554,8.7,8.0,1.1,1.8,9.3,24.2,-2.0,0,0,0,0,0,0,0,0,1891857,0,1,0,0,0
27.0,19.8,1.7,0.341,2.3,11.6,2.0,0.0,9.1,10.9,-6.5,0,0,0,0,0,0,0,0,11000000,0,0,1,0,0
37.0,10.7,1.0,0.502,8.6,12.5,2.0,0.9,13.8,15.0,-4.7,0,0,0,0,0,0,0,0,2087519,0,0,0,0,1
27.0,15.0,1.7,0.665,5.1,4.8,1.0,0.7,7.2,11.1,-3.0,0,0,0,0,0,0,0,0,2230253,0,0,0,0,1
29.0,24.0,1.7,0.587,4.1,9.1,1.9,1.0,8.9,11.7,-1.2,0,0,0,0,0,0,0,0,7500000,0,0,0,0,1
31.0,15.5,1.8,0.621,9.0,9.4,2.8,2.4,12.3,13.6,0.9,0,0,0,0,0,0,0,0,9130000,0,0,0,0,1
25.0,28.1,1.4,0.548,5.2,8.6,1.9,0.4,5.0,20.0,-2.6,0,0,0,0,0,0,0,0,2087519,0,0,0,0,1
30.0,22.3,2.3,0.583,8.5,7.5,0.8,0.9,9.9,17.6,-2.9,0,0,0,0,0,0,0,0,8500000,0,1,0,0,0
29.0,35.2,2.9,0.649,17.9,32.7,1.6,2.6,12.7,33.0,9.0,5,1,0,1,0,0,0,0,48787676,0,1,0,0,0
24.0,15.4,1.7,0.629,17.5,11.7,1.7,7.0,15.1,13.3,2.1,0,0,0,0,0,0,0,0,9057971,1,0,0,0,0
20.0,21.1,1.5,0.546,5.7,7.4,1.3,0.1,9.7,17.4,-5.4,0,0,0,0,0,0,0,0,4763760,0,0,0,0,1
25.0,28.0,3.0,0.588,8.3,11.3,1.0,1.6,14.1,15.9,-2.6,0,0,0,0,0,0,0,0,13025250,0,1,0,0,0
28.0,33.5,2.1,0.679,6.6,12.1,1.3,1.6,11.3,14.5,1.3,0,0,0,0,0,0,0,0,15625000,0,0,0,0,1
21.0,8.3,1.0,0.656,13.8,9.6,1.0,0.9,10.1,15.2,-0.5,0,0,0,0,0,0,0,0,1891857,0,1,0,0,0
31.0,29.0,1.2,0.611,5.9,5.6,1.1,0.5,6.6,15.7,-1.8,0,0,0,0,0,0,0,0,18000000,0,1,0,0,0
27.0,20.7,1.8,0.587,8.7,7.2,1.9,2.1,9.0,12.4,-0.7,0,0,0,0,0,0,0,0,5200000,0,1,0,0,0
25.0,30.5,2.9,0.636,6.5,11.3,2.2,2.6,12.4,14.1,0.6,2,0,0,0,0,0,1,0,12976362,0,0,0,1,0
23.0,2.7,0.6,0.5,10.4,5.6,1.0,0.0,9.1,20.0,-8.9,0,0,0,0,0,0,0,0,1891857,0,1,0,0,0
24.0,29.2,1.8,0.577,7.2,24.6,1.2,0.5,9.2,23.8,1.3,0,0,0,0,0,0,0,0,32500000,0,0,0,0,1
23.0,27.3,2.0,0.599,6.1,9.5,1.5,1.6,9.1,13.9,-1.1,0,0,0,0,0,0,0,0,10185186,0,0,0,1,0
25.0,25.3,2.8,0.67,18.5,13.5,2.3,4.2,17.6,12.0,3.5,0,0,0,0,0,0,0,0,30000000,1,0,0,0,0
22.0,13.1,2.3,0.689,17.5,8.3,2.1,6.3,12.3,17.2,1.7,0,0,0,0,0,0,0,0,4435381,1,0,0,0,0
24.0,18.5,1.1,0.626,6.9,8.9,1.5,1.4,8.5,16.6,0.9,0,0,0,0,0,0,0,0,12991650,0,0,0,0,1
22.0,30.9,2.2,0.6,11.9,7.1,0.6,2.3,13.6,14.5,-2.3,0,0,0,0,0,0,0,0,15000000,0,1,0,0,0
26.0,26.4,2.6,0.671,19.7,7.5,0.6,4.2,11.8,16.4,0.8,0,0,0,0,0,0,0,0,11743210,1,0,0,0,0
24.0,35.3,2.1,0.57,8.6,42.2,1.1,1.5,12.0,30.4,3.1,0,0,0,0,0,0,0,0,36725670,0,0,1,0,0
36.0,7.4,1.0,0.609,20.8,7.6,2.0,5.4,18.3,23.4,-1.3,0,0,0,0,0,0,0,0,2208856,1,0,0,0,0
36.0,7.4,1.0,0.609,20.8,7.6,2.0,5.4,18.3,23.4,-1.3,0,0,0,0,0,0,0,0,2208856,1,0,0,0,0
20.0,31.9,2.6,0.571,13.6,7.1,1.0,2.3,8.9,17.6,-0.4,0,0,0,0,0,0,0,0,9770880,0,1,0,0,0
21.0,23.6,2.4,0.546,16.7,6.2,1.2,1.2,10.2,16.3,-3.3,0,0,0,0,0,0,0,0,2019699,0,1,0,0,0
21.0,13.5,1.1,0.517,7.2,15.7,1.1,0.4,10.8,24.9,-4.1,0,0,0,0,0,0,0,0,2019699,0,0,0,0,1
21.0,28.8,2.6,0.536,6.6,20.2,1.2,1.6,14.7,24.9,-3.1,0,0,0,0,0,0,0,0,7977240,0,0,0,0,1
23.0,29.2,3.0,0.571,6.0,6.8,1.5,1.8,11.6,15.7,-2.6,1,0,0,0,0,0,0,1,23017242,0,0,0,1,0
21.0,10.3,1.3,0.49,8.4,11.5,3.5,2.7,17.0,17.1,-3.4,0,0,0,0,0,0,0,0,4018363,0,0,0,0,1
33.0,23.1,1.5,0.546,7.6,7.2,1.6,0.7,7.4,11.5,-2.6,0,0,0,0,0,0,0,0,1655619,0,1,0,0,0
28.0,15.9,2.1,0.538,10.2,8.2,2.0,1.3,13.1,11.7,-2.3,0,0,0,0,0,0,0,0,7565217,0,0,0,1,0
22.0,28.2,2.2,0.574,7.6,13.9,1.8,0.9,12.4,18.7,-1.9,2,0,0,0,0,0,0,0,3685800,0,0,0,1,0
22.0,23.0,2.0,0.54,8.7,11.1,1.8,1.4,11.4,21.1,-2.5,0,0,0,0,0,0,0,0,3352680,0,1,0,0,0
28.0,26.4,3.0,0.653,17.9,14.0,1.3,5.1,15.3,16.2,0.7,0,0,0,0,0,0,0,0,19500000,1,0,0,0,0
27.0,35.4,1.9,0.592,5.7,33.5,1.3,0.4,9.1,32.5,5.8,4,1,0,0,1,0,0,0,24960001,0,0,1,0,0
20.0,29.1,3.1,0.653,22.2,12.7,0.9,2.3,16.7,18.5,-0.1,0,0,0,0,0,0,0,0,4536840,1,0,0,0,0
21.0,31.7,1.4,0.541,8.7,17.3,1.2,1.0,11.4,27.4,-0.5,0,0,0,0,0,0,0,0,12483048,0,0,0,0,1
20.0,5.2,0.6,0.316,6.6,9.1,1.3,1.6,14.3,24.9,-16.1,0,0,0,0,0,0,0,0,3879840,0,0,0,0,1
22.0,33.7,2.4,0.584,14.1,15.4,1.7,2.2,11.6,19.1,1.2,0,0,0,0,0,0,0,0,4510905,0,0,0,1,0
26.0,10.8,1.0,0.412,8.1,9.1,1.7,1.0,12.8,18.7,-9.0,0,0,0,0,0,0,0,0,4741800,0,0,0,1,0
24.0,4.5,0.5,0.571,6.4,21.7,1.6,0.0,19.7,16.4,-3.3,0,0,0,0,0,0,0,0,1891857,0,0,0,0,1
23.0,17.2,2.0,0.682,18.2,8.0,0.8,2.9,9.1,19.4,2.4,0,0,0,0,0,0,0,0,8571429,1,0,0,0,0
22.0,27.0,2.7,0.602,6.6,15.0,2.6,2.2,14.4,19.7,1.0,2,0,0,0,0,0,0,1,9188385,0,0,0,0,1
22.0,31.3,2.5,0.621,7.1,21.3,1.7,1.9,10.1,23.7,2.3,1,0,0,0,0,0,0,0,4775760,0,1,0,0,0
23.0,15.4,1.1,0.537,10.8,9.3,0.8,0.5,8.7,14.3,-2.9,0,0,0,0,0,0,0,0,1891857,0,1,0,0,0
26.0,31.5,1.8,0.586,7.2,31.2,1.5,1.8,10.5,27.9,4.1,0,0,0,0,0,0,0,0,36016200,0,0,1,0,0
34.0,34.3,1.8,0.612,8.4,33.6,1.5,2.1,16.0,20.6,4.1,0,0,0,0,0,0,0,0,33653846,0,0,1,0,0
36.0,5.2,1.0,0.368,4.8,18.6,5.0,1.7,31.5,14.2,-5.8,0,0,0,0,0,0,0,0,2087519,0,1,0,0,0
36.0,5.2,1.0,0.368,4.8,18.6,5.0,1.7,31.5,14.2,-5.8,0,0,0,0,0,0,0,0,2087519,0,1,0,0,0
36.0,5.2,1.0,0.368,4.8,18.6,5.0,1.7,31.5,14.2,-5.8,0,0,0,0,0,0,0,0,2087519,0,1,0,0,0
36.0,5.2,1.0,0.368,4.8,18.6,5.0,1.7,31.5,14.2,-5.8,0,0,0,0,0,0,0,0,2087519,0,1,0,0,0
22.0,17.3,2.2,0.637,17.2,7.3,0.5,3.1,15.9,16.3,-3.5,0,0,0,0,0,0,0,0,2237691,1,0,0,0,0
20.0,10.3,0.9,0.527,10.5,13.9,2.1,2.6,13.0,16.1,0.2,0,0,0,0,0,0,0,0,6362520,0,1,0,0,0
23.0,14.2,1.5,0.579,5.5,30.9,2.4,1.2,18.7,19.9,-2.1,0,0,0,0,0,0,0,0,745726,0,0,0,0,1
24.0,32.2,3.6,0.552,9.4,13.1,1.8,4.7,10.6,30.4,0.4,0,0,0,0,0,0,0,0,25257798,1,0,0,0,0
24.0,20.0,1.5,0.578,13.2,7.7,2.9,0.7,17.7,11.7,-1.6,0,0,0,0,0,0,0,0,10714286,0,1,0,0,0
25.0,31.7,1.9,0.664,18.7,13.2,1.1,3.0,11.2,19.4,3.0,1,0,0,0,0,0,0,0,20000000,1,0,0,0,0
24.0,18.3,1.3,0.547,9.6,13.4,1.2,0.9,15.2,17.5,-5.2,0,0,0,0,0,0,0,0,100000,0,0,1,0,0
30.0,25.6,2.1,0.681,16.3,3.3,2.2,3.6,8.0,16.7,2.0,0,0,0,0,0,0,0,0,1728488,0,0,0,1,0
30.0,25.6,2.1,0.681,16.3,3.3,2.2,3.6,8.0,16.7,2.0,0,0,0,0,0,0,0,0,1728488,0,0,0,1,0
23.0,12.5,1.8,0.718,13.4,5.0,1.8,2.9,16.9,12.5,-1.9,0,0,0,0,0,0,0,0,2463946,1,0,0,0,0
27.0,33.5,2.6,0.58,8.9,16.6,1.8,1.4,10.7,28.9,0.7,1,1,0,0,0,0,0,0,49205800,0,0,0,1,0
24.0,16.5,1.2,0.494,6.2,13.6,0.9,0.8,7.9,17.8,-5.4,0,0,0,0,0,0,0,0,446743,0,0,0,0,1
24.0,16.5,1.2,0.494,6.2,13.6,0.9,0.8,7.9,17.8,-5.4,0,0,0,0,0,0,0,0,446743,0,0,0,0,1
24.0,16.5,1.2,0.494,6.2,13.6,0.9,0.8,7.9,17.8,-5.4,0,0,0,0,0,0,0,0,446743,0,0,0,0,1
24.0,16.5,1.2,0.494,6.2,13.6,0.9,0.8,7.9,17.8,-5.4,0,0,0,0,0,0,0,0,446743,0,0,0,0,1
21.0,13.0,1.4,0.561,14.5,15.0,1.5,2.8,12.1,13.5,1.1,0,0,0,0,0,0,0,0,2019699,1,0,0,0,0
25.0,35.7,2.0,0.604,12.3,21.0,1.4,1.4,10.3,30.2,5.1,4,1,0,1,0,0,0,0,34848340,0,1,0,0,0
37.0,16.8,1.3,0.59,7.3,7.3,0.6,2.2,9.6,15.5,-2.1,0,0,0,0,0,0,0,0,8000000,0,1,0,0,0
29.0,33.9,2.2,0.573,5.8,13.8,1.2,1.7,10.5,25.7,-0.1,0,0,0,0,0,0,0,0,29793104,0,1,0,0,0
23.0,8.6,0.6,0.564,12.7,8.4,1.5,1.2,13.6,15.4,-2.2,0,0,0,0,0,0,0,0,2196970,0,1,0,0,0
23.0,8.6,0.6,0.564,12.7,8.4,1.5,1.2,13.6,15.4,-2.2,0,0,0,0,0,0,0,0,2196970,0,1,0,0,0
20.0,29.6,2.3,0.513,11.7,16.0,1.3,1.5,14.3,18.8,-3.4,0,0,0,0,0,0,0,0,5570040,0,1,0,0,0
25.0,13.0,1.0,0.702,14.1,5.4,0.7,3.0,19.6,6.0,-1.8,0,0,0,0,0,0,0,0,2092344,1,0,0,0,0
20.0,3.7,0.2,0.457,6.1,13.0,1.5,2.8,8.6,22.7,-1.8,0,0,0,0,0,0,0,0,5278320,0,0,0,1,0
28.0,13.9,1.0,0.485,3.3,12.9,1.8,1.6,8.9,17.7,-4.0,0,0,0,0,0,0,0,0,6500000,0,0,1,0,0
34.0,34.0,1.1,0.626,8.8,23.1,1.9,0.8,9.3,24.0,4.6,0,0,0,0,0,0,0,0,48798677,0,1,0,0,0
28.0,13.6,1.3,0.584,12.1,11.8,1.3,4.0,11.7,14.8,-0.1,0,0,0,0,0,0,0,0,8000000,1,0,0,0,0
36.0,17.2,1.3,0.612,7.1,23.0,1.8,0.4,21.7,11.6,-0.5,0,0,0,0,0,0,0,0,2087519,0,0,0,1,0
29.0,33.6,2.9,0.644,18.1,32.4,1.7,4.6,12.5,39.6,11.6,1,1,0,0,0,0,0,0,51415938,1,0,0,0,0
26.0,28.0,2.8,0.621,16.7,6.1,1.0,2.9,10.6,20.4,-0.9,0,0,0,0,0,0,0,0,26580000,0,1,0,0,0
27.0,21.3,1.4,0.537,12.0,13.0,2.1,4.1,17.4,9.7,-0.4,0,0,0,0,0,0,0,0,6165000,0,0,0,1,0
21.0,12.3,1.1,0.462,6.3,6.6,1.4,1.3,7.3,12.2,-6.6,0,0,0,0,0,0,0,0,5291160,0,0,0,0,1
31.0,23.5,2.7,0.619,20.9,13.3,0.8,3.5,12.1,20.8,1.2,0,0,0,0,0,0,0,0,9900000,1,0,0,0,0
26.0,15.8,1.1,0.61,16.7,4.8,2.3,7.1,7.7,16.7,3.8,1,0,0,0,0,0,0,0,25000000,0,1,0,0,0
21.0,26.3,2.3,0.598,9.8,12.5,1.4,1.7,10.9,24.1,-0.4,0,0,0,0,0,0,0,0,7636307,0,1,0,0,0
31.0,30.6,1.5,0.521,6.2,24.6,1.0,0.3,13.9,26.1,-4.5,0,0,0,0,0,0,0,0,14092577,0,0,0,0,1
21.0,17.3,1.1,0.533,7.1,8.2,0.8,0.6,7.5,19.9,-3.1,0,0,0,0,0,0,0,0,4525680,0,0,0,0,1
27.0,11.2,0.6,0.638,6.5,23.7,2.8,1.0,11.1,12.1,4.2,0,0,0,0,0,0,0,0,2087519,0,0,1,0,0
24.0,30.1,3.1,0.529,4.8,21.4,1.7,0.9,12.8,26.4,-3.9,0,0,0,0,0,0,0,0,29651786,0,0,0,0,1
19.0,9.2,1.2,0.472,13.0,7.2,3.0,1.1,15.9,9.9,-3.8,0,0,0,0,0,0,0,0,1891857,0,0,0,1,0
25.0,18.4,1.6,0.54,6.9,15.3,2.8,1.4,9.8,17.3,-0.1,1,0,0,0,0,0,0,0,1988598,0,0,1,0,0
21.0,25.1,1.4,0.547,14.2,26.6,1.2,2.0,15.7,23.1,1.5,0,0,0,0,0,0,0,0,8352367,0,0,0,0,1
23.0,26.4,1.9,0.588,6.7,11.1,1.5,0.5,13.1,13.1,-2.7,0,0,0,0,0,0,0,0,12654321,0,0,0,0,1
28.0,33.4,2.1,0.522,14.0,16.3,1.4,0.8,13.9,13.5,0.0,0,0,0,0,0,0,0,0,18144000,0,0,0,1,0
21.0,2.8,0.3,0.593,10.6,13.2,2.7,4.9,4.5,21.4,5.1,0,0,0,0,0,0,0,0,2019699,0,0,0,1,0
25.0,16.0,1.1,0.552,9.1,8.4,2.4,2.2,12.5,13.0,-0.5,0,0,0,0,0,0,0,0,8250000,0,0,0,0,1
30.0,25.7,1.8,0.573,6.2,13.9,1.1,1.2,8.9,16.5,-1.3,0,0,0,0,0,0,0,0,3051153,0,0,0,0,1
21.0,5.0,0.0,0.333,5.6,0.0,0.0,9.0,57.1,30.7,-25.0,0,0,0,0,0,0,0,0,1000000,0,0,0,0,1
21.0,5.0,0.0,0.333,5.6,0.0,0.0,9.0,57.1,30.7,-25.0,0,0,0,0,0,0,0,0,1000000,0,0,0,0,1
33.0,32.8,1.6,0.597,8.9,19.3,1.3,2.1,14.7,16.3,2.1,2,0,0,0,0,0,0,1,30000000,0,0,1,0,0
22.0,19.8,1.0,0.57,7.6,9.3,1.6,2.4,11.4,14.4,-1.9,0,0,0,0,0,0,0,0,3000000,0,0,0,1,0
20.0,8.1,1.0,0.521,6.2,5.3,1.1,2.2,10.5,13.0,-5.3,0,0,0,0,0,0,0,0,1891857,0,0,0,1,0
21.0,10.9,1.1,0.482,6.2,11.3,1.5,1.1,8.9,20.7,-6.0,0,0,0,0,0,0,0,0,2552520,0,0,0,1,0
29.0,35.4,2.7,0.569,14.6,22.8,0.8,0.7,14.1,29.9,1.9,1,1,0,0,0,0,0,0,33073920,0,1,0,0,0
29.0,27.3,3.3,0.559,22.8,19.9,1.9,3.4,19.1,19.1,1.1,0,0,0,0,0,0,0,0,18125000,1,0,0,0,0
23.0,12.4,1.7,0.563,9.7,9.4,1.5,1.5,13.9,13.4,-4.1,0,0,0,0,0,0,0,0,7975000,0,0,0,1,0
28.0,32.7,3.3,0.625,14.4,15.1,1.0,1.8,14.1,27.4,2.5,1,1,0,0,0,0,0,0,49205800,0,1,0,0,0
32.0,34.3,1.4,0.626,10.1,16.9,2.4,2.3,8.5,26.5,5.5,2,1,0,0,1,0,0,0,49205800,0,0,0,1,0
23.0,33.6,2.7,0.569,9.1,6.9,1.5,2.1,5.9,18.1,-0.9,0,0,0,0,0,0,0,0,8809560,0,0,0,1,0
28.0,12.5,0.7,0.534,9.3,7.4,1.8,2.9,7.5,13.0,-1.0,0,0,0,0,0,0,0,0,2654644,0,0,0,1,0
24.0,29.5,2.2,0.565,10.0,14.2,1.2,0.8,9.4,21.9,-1.7,0,0,0,0,0,0,0,0,19000000,0,0,0,1,0
32.0,22.6,2.9,0.661,12.9,27.6,2.0,1.5,20.9,17.5,1.8,0,0,0,0,0,0,0,0,12804878,1,0,0,0,0
28.0,30.2,2.9,0.535,9.2,7.3,1.8,2.1,8.2,22.4,-2.3,0,0,0,0,0,0,0,0,7983000,0,0,0,1,0
29.0,14.9,1.5,0.568,11.3,11.4,1.8,0.8,10.1,13.4,-0.8,0,0,0,0,0,0,0,0,6669000,0,1,0,0,0
30.0,31.6,2.0,0.602,4.2,9.5,2.0,1.5,10.5,12.9,-1.4,0,0,0,0,0,0,0,0,22757000,0,0,0,0,1
24.0,17.2,2.0,0.627,7.1,11.1,2.5,2.7,13.0,12.4,1.2,0,0,0,0,0,0,0,0,2120693,0,0,0,0,1
21.0,12.2,1.0,0.59,6.3,6.9,2.4,1.5,16.0,22.2,-2.7,0,0,0,0,0,0,0,0,2162606,0,0,0,0,1
35.0,37.2,1.8,0.626,10.0,22.2,1.2,2.9,13.1,29.0,4.0,3,1,0,0,1,0,0,0,51179021,0,1,0,0,0
25.0,24.4,2.1,0.564,8.0,14.4,1.4,1.3,8.4,17.3,-0.8,0,0,0,0,0,0,0,0,16830357,0,0,0,0,1
35.0,16.8,1.8,0.597,20.7,19.0,1.0,1.1,10.6,21.9,3.6,0,0,0,0,0,0,0,0,3850000,0,1,0,0,0
27.0,16.1,2.1,0.62,18.9,14.1,1.1,2.2,15.6,11.3,0.6,0,0,0,0,0,0,0,0,8000000,1,0,0,0,0
20.0,27.0,1.2,0.533,5.7,23.1,0.9,0.3,17.1,22.8,-4.4,0,0,0,0,0,0,0,0,4084200,0,0,1,0,0
32.0,27.0,2.6,0.595,9.5,28.9,1.6,0.9,15.4,23.9,1.1,0,0,0,0,0,0,0,0,31000000,0,0,0,1,0
33.0,29.7,1.6,0.576,6.0,11.2,1.1,1.4,8.9,24.2,-0.4,0,0,0,0,0,0,0,0,15873016,0,0,0,1,0
24.0,9.0,1.1,0.49,8.9,8.1,1.5,1.4,9.0,11.1,-3.8,0,0,0,0,0,0,0,0,2533920,0,1,0,0,0
20.0,11.5,1.2,0.424,9.2,19.3,1.7,2.3,9.5,22.4,-4.5,0,0,0,0,0,0,0,0,4299000,0,0,0,0,1
29.0,18.9,2.0,0.546,8.3,27.1,2.6,2.0,19.5,13.6,-0.1,0,0,0,0,0,0,0,0,5168000,0,0,1,0,0
23.0,21.7,1.5,0.481,9.3,8.4,1.9,1.4,12.3,14.1,-3.6,0,0,0,0,0,0,0,0,2990040,0,0,0,1,0
28.0,29.6,2.7,0.647,13.1,10.0,1.2,5.8,9.1,25.1,5.1,0,0,0,0,0,0,0,0,29268293,1,0,0,0,0
30.0,22.6,1.6,0.513,8.7,25.0,2.0,2.3,15.6,14.5,1.1,0,0,0,0,0,0,0,0,8780488,0,1,0,0,0
28.0,32.6,2.2,0.547,10.9,20.7,0.8,1.8,11.9,29.7,-1.1,0,0,0,0,0,0,0,0,24456061,0,1,0,0,0
37.0,28.2,2.4,0.594,6.4,20.1,1.7,1.2,17.2,12.9,-1.0,0,0,0,0,0,0,0,0,2087519,0,0,1,0,0
37.0,28.2,2.4,0.594,6.4,20.1,1.7,1.2,17.2,12.9,-1.0,0,0,0,0,0,0,0,0,2087519,0,0,1,0,0
31.0,35.0,1.9,0.608,7.8,23.8,1.7,1.2,8.0,28.1,4.9,1,0,0,0,0,0,0,0,41000000,0,0,0,0,1
22.0,32.3,3.6,0.561,8.9,43.1,2.8,0.5,15.0,34.3,3.3,0,0,0,0,0,0,0,0,35147000,0,0,1,0,0
26.0,15.8,1.7,0.556,4.6,10.2,1.6,1.1,9.3,18.8,-4.0,0,0,0,0,0,0,0,0,1343690,0,0,0,0,1
31.0,19.9,1.6,0.653,14.1,12.1,2.5,1.5,15.5,11.3,2.0,0,0,0,0,0,0,0,0,11205000,1,0,0,0,0
26.0,33.1,1.8,0.631,13.6,9.5,1.3,1.3,7.1,25.0,3.6,0,0,0,0,0,0,0,0,42176400,0,1,0,0,0
39.0,35.3,1.1,0.63,11.5,37.5,1.7,1.3,14.5,29.2,6.5,3,1,0,0,0,1,0,0,48728845,0,1,0,0,0
20.0,3.1,0.3,0.694,21.8,25.5,1.9,1.7,4.6,18.6,9.6,0,0,0,0,0,0,0,0,1891857,0,0,0,1,0
26.0,7.4,0.6,0.653,8.0,11.5,0.9,2.3,6.3,17.3,1.9,0,0,0,0,0,0,0,0,2196970,0,0,0,0,1
24.0,28.4,2.9,0.593,7.0,6.3,1.5,1.9,9.3,15.4,-1.6,0,0,0,0,0,0,0,0,16500000,0,0,0,1,0
24.0,37.5,2.1,0.617,13.5,44.3,1.8,1.3,12.8,36.0,9.9,4,1,0,1,0,0,0,0,43031940,0,0,1,0,0
25.0,4.9,1.0,0.576,14.4,5.9,1.6,0.7,6.5,33.3,-2.1,0,0,0,0,0,0,0,0,2162606,1,0,0,0,0
27.0,25.6,1.0,0.641,6.2,20.8,1.0,0.2,13.9,16.7,-0.3,0,0,0,0,0,0,0,0,9250000,0,0,0,0,1
28.0,15.6,1.2,0.736,14.3,8.9,1.2,5.5,8.5,11.0,3.4,0,0,0,0,0,0,0,0,2087519,1,0,0,0,0
20.0,21.3,1.3,0.526,5.0,14.0,0.8,0.4,12.2,19.8,-5.6,0,0,0,0,0,0,0,0,3217920,0,0,1,0,0
31.0,28.7,1.5,0.56,7.4,30.9,1.2,0.6,9.9,23.0,2.0,0,0,0,0,0,0,0,0,22500000,0,0,1,0,0
27.0,29.6,2.0,0.603,6.8,6.1,1.2,0.3,6.8,14.6,-1.8,0,0,0,0,0,0,0,0,6000000,0,0,0,0,1
25.0,26.0,2.2,0.564,6.3,28.9,1.2,1.9,13.2,25.9,0.6,2,0,0,0,0,0,0,0,17405203,0,0,0,0,1
27.0,4.0,0.3,0.694,9.1,13.5,2.1,3.5,10.4,17.0,3.5,0,0,0,0,0,0,0,0,464050,0,1,0,0,0
27.0,4.0,0.3,0.694,9.1,13.5,2.1,3.5,10.4,17.0,3.5,0,0,0,0,0,0,0,0,464050,0,1,0,0,0
23.0,12.7,1.1,0.592,8.9,6.7,1.0,1.0,13.2,14.6,-3.2,0,0,0,0,0,0,0,0,2733720,0,0,0,1,0
23.0,19.0,1.5,0.542,5.2,25.4,1.6,0.8,14.3,19.9,-2.6,0,0,0,0,0,0,0,0,2755080,0,0,1,0,0
29.0,30.3,2.7,0.552,4.8,22.7,3.3,0.8,19.2,22.9,-2.4,0,0,0,0,0,0,0,0,20210284,0,0,1,0,0
22.0,26.7,2.6,0.675,20.4,6.8,1.6,3.7,8.7,17.1,0.8,0,0,0,0,0,0,0,0,4094280,1,0,0,0,0
25.0,21.2,1.5,0.492,8.9,19.7,2.3,1.5,12.8,18.8,-1.4,0,0,0,0,0,0,0,0,731831,0,0,1,0,0
34.0,8.3,0.5,0.467,9.9,9.4,1.1,1.2,14.5,16.4,-5.3,0,0,0,0,0,0,0,0,2087519,0,1,0,0,0
24.0,21.1,1.6,0.629,16.1,8.1,0.9,2.6,11.3,21.0,-0.4,0,0,0,0,0,0,0,0,12500000,1,0,0,0,0
33.0,14.7,1.5,0.621,19.6,10.8,1.0,2.3,15.5,15.1,-0.8,0,0,0,0,0,0,0,0,2087519,1,0,0,0,0
26.0,22.9,1.4,0.537,5.1,8.3,3.8,3.0,10.8,10.6,0.6,0,0,0,0,0,0,0,0,11025000,0,0,0,1,0
26.0,13.9,1.1,0.638,5.7,6.1,0.8,0.3,13.8,15.4,-2.7,0,0,0,0,0,0,0,0,621439,0,0,0,1,0
20.0,14.1,0.9,0.544,8.4,8.0,1.0,1.6,11.8,13.6,-3.6,0,0,0,0,0,0,0,0,7142857,0,0,0,0,1
27.0,32.0,2.4,0.553,8.5,17.3,1.4,1.2,12.7,17.4,-0.6,0,0,0,0,0,0,0,0,15212068,0,0,0,1,0
32.0,20.3,1.8,0.573,9.0,9.5,0.9,3.0,14.4,9.6,-1.3,0,0,0,0,0,0,0,0,11000000,1,0,0,0,0
21.0,3.0,0.1,0.246,2.2,6.8,0.9,0.8,30.9,13.6,-13.5,0,0,0,0,0,0,0,0,1891857,0,0,0,1,0
25.0,31.7,1.8,0.601,12.2,6.7,0.8,1.8,7.5,20.7,0.1,0,0,0,0,0,0,0,0,35859950,0,0,0,1,0
27.0,34.8,1.4,0.56,7.1,16.3,1.4,0.9,10.3,24.3,-0.4,0,0,0,0,0,0,0,0,23300000,0,0,0,1,0
36.0,28.9,1.7,0.627,5.6,28.4,2.0,0.7,12.8,16.0,3.4,0,0,0,0,0,0,0,0,9975962,0,0,1,0,0
25.0,37.4,1.7,0.556,11.0,14.6,1.2,1.2,9.6,24.7,-1.1,0,0,0,0,0,0,0,0,27173913,0,0,0,1,0
23.0,19.5,1.6,0.59,4.2,12.2,1.9,0.5,5.9,16.4,-0.1,0,0,0,0,0,0,0,0,4710144,0,0,1,0,0
25.0,24.8,1.8,0.554,19.2,3.1,2.4,4.3,13.8,10.2,0.0,0,0,0,0,0,0,0,0,14318182,1,0,0,0,0
25.0,13.0,1.8,0.575,17.8,7.6,1.5,7.4,15.1,15.1,-1.0,0,0,0,0,0,0,0,0,2087519,1,0,0,0,0
28.0,14.4,0.4,0.508,6.8,20.0,2.0,1.7,4.2,15.5,0.7,0,0,0,0,0,0,0,0,2087519,0,0,1,0,0
26.0,17.7,2.0,0.676,14.4,11.2,1.4,1.4,13.1,22.8,2.0,0,0,0,0,0,0,0,0,11000000,1,0,0,0,0
24.0,9.1,1.2,0.477,24.1,5.4,1.2,3.2,12.3,19.1,-6.5,0,0,0,0,0,0,0,0,306660,1,0,0,0,0
21.0,17.5,1.4,0.578,9.2,6.7,1.8,1.9,8.7,18.4,-0.1,0,0,0,0,0,0,0,0,5803269,0,0,0,0,1
21.0,12.2,2.2,0.468,16.4,7.0,3.3,4.9,3.8,15.2,-1.5,0,0,0,0,0,0,0,0,1891857,0,1,0,0,0
27.0,27.0,3.0,0.626,14.5,6.4,0.9,5.5,9.4,23.4,0.9,0,0,0,0,0,0,0,0,19928500,1,0,0,0,0
26.0,19.0,1.4,0.576,10.6,13.6,1.9,0.9,13.8,16.3,-0.7,0,0,0,0,0,0,0,0,8571429,0,0,0,1,0
23.0,10.2,0.9,0.572,9.3,6.1,1.1,1.9,9.5,13.9,-3.0,0,0,0,0,0,0,0,0,3107143,0,0,0,1,0
24.0,24.2,2.1,0.595,12.2,8.3,1.6,3.3,10.8,23.1,1.5,1,0,1,0,0,0,0,0,13986432,0,1,0,0,0
24.0,11.9,1.8,0.662,19.8,8.5,1.9,5.5,10.1,16.9,1.5,0,0,0,0,0,0,0,0,2162606,1,0,0,0,0
24.0,11.9,1.8,0.662,19.8,8.5,1.9,5.5,10.1,16.9,1.5,0,0,0,0,0,0,0,0,2162606,1,0,0,0,0
24.0,29.8,2.5,0.629,18.2,10.4,1.1,6.2,12.2,15.6,1.2,0,0,0,0,0,0,0,0,27556817,1,0,0,0,0
26.0,26.3,2.6,0.717,17.2,4.5,0.7,3.9,13.8,13.3,-2.3,0,0,0,0,0,0,0,0,5000000,1,0,0,0,0
19.0,14.3,1.1,0.511,5.5,12.0,0.7,0.9,11.7,20.3,-5.9,0,0,0,0,0,0,0,0,2587200,0,0,0,0,1
25.0,23.4,1.7,0.578,4.9,14.5,1.6,1.9,11.8,14.8,0.2,0,0,0,0,0,0,0,0,4312500,0,0,0,0,1
35.0,25.5,1.8,0.603,9.0,10.7,1.5,2.3,13.1,8.6,-0.4,0,0,0,0,0,0,0,0,4668000,0,1,0,0,0
28.0,34.6,2.5,0.65,19.8,42.0,2.0,2.1,12.9,29.3,13.2,4,1,1,1,0,0,0,0,51415938,1,0,0,0,0
20.0,19.5,1.8,0.583,12.1,14.7,1.4,1.5,12.2,17.1,0.3,0,0,0,0,0,0,0,0,2464200,0,1,0,0,0
33.0,34.3,2.5,0.54,17.1,15.2,1.0,2.4,8.6,23.3,0.1,0,0,0,0,0,0,0,0,20000000,1,0,0,0,0
19.0,16.1,1.1,0.626,12.0,6.9,1.1,3.9,12.4,14.2,-0.7,0,0,0,0,0,0,0,0,3244080,0,1,0,0,0
30.0,26.2,1.8,0.626,5.5,5.9,1.1,1.0,7.3,20.0,-0.8,1,0,0,0,0,0,0,0,19241379,0,0,0,0,1
26.0,34.0,2.4,0.595,6.8,9.0,2.0,1.9,11.6,17.6,-0.6,0,0,0,0,0,0,0,0,36637932,0,0,0,1,0
25.0,21.1,1.7,0.677,10.5,9.4,1.3,2.0,10.0,16.8,1.5,0,0,0,0,0,0,0,0,12975000,0,1,0,0,0
23.0,21.0,1.5,0.497,7.2,6.6,1.4,2.4,12.3,13.4,-4.4,0,0,0,0,0,0,0,0,4310280,0,0,0,0,1
21.0,8.4,0.5,0.496,12.8,8.4,1.0,1.0,6.2,16.6,-2.9,0,0,0,0,0,0,0,0,2870400,0,1,0,0,0
23.0,25.5,2.9,0.674,14.6,7.2,0.9,3.8,9.8,13.7,-0.4,0,0,0,0,0,0,0,0,14000000,1,0,0,0,0
23.0,8.4,1.0,0.596,15.7,15.8,1.1,2.6,17.8,14.8,-1.1,0,0,0,0,0,0,0,0,1199723,1,0,0,0,0
23.0,8.4,1.0,0.596,15.7,15.8,1.1,2.6,17.8,14.8,-1.1,0,0,0,0,0,0,0,0,1199723,1,0,0,0,0
23.0,8.4,1.0,0.596,15.7,15.8,1.1,2.6,17.8,14.8,-1.1,0,0,0,0,0,0,0,0,1199723,1,0,0,0,0
20.0,11.1,0.7,0.54,7.8,12.9,1.1,1.3,13.4,16.9,-3.0,0,0,0,0,0,0,0,0,5027040,0,1,0,0,0
38.0,15.7,1.7,0.507,9.8,3.9,1.6,1.3,13.5,5.3,-3.6,0,0,0,0,0,0,0,0,11539000,0,1,0,0,0
25.0,30.4,2.3,0.537,10.3,9.3,1.6,2.4,9.9,19.1,-2.1,0,0,0,0,0,0,0,0,15500000,0,1,0,0,0
21.0,35.0,1.9,0.546,11.6,25.2,1.3,1.6,13.0,29.7,1.3,1,1,0,0,0,0,0,0,12160800,0,1,0,0,0
29.0,33.2,2.4,0.601,11.9,19.4,1.1,0.8,8.9,25.3,1.9,0,0,0,0,0,0,0,0,42176400,0,1,0,0,0
31.0,22.1,1.3,0.574,7.8,12.0,1.1,1.0,11.6,10.9,-1.6,0,0,0,0,0,0,0,0,9423869,0,0,0,1,0
21.0,13.0,1.5,0.502,13.3,7.6,1.7,2.5,10.2,15.9,-4.6,0,0,0,0,0,0,0,0,2448840,0,0,0,1,0
22.0,27.3,2.0,0.553,7.9,7.7,1.7,2.9,12.8,16.6,-2.3,0,0,0,0,0,0,0,0,18000000,0,1,0,0,0
35.0,13.0,1.0,0.467,4.7,11.1,2.4,0.2,10.5,15.9,-4.6,0,0,0,0,0,0,0,0,2087519,0,0,1,0,0
35.0,13.0,1.0,0.467,4.7,11.1,2.4,0.2,10.5,15.9,-4.6,0,0,0,0,0,0,0,0,2087519,0,0,1,0,0
33.0,33.8,2.7,0.613,8.8,16.1,2.2,1.3,10.1,26.6,3.2,1,1,0,0,0,0,0,0,49205800,0,1,0,0,0
24.0,19.4,2.4,0.58,16.9,9.8,2.1,4.8,11.5,15.9,0.4,0,0,0,0,0,0,0,0,3913234,1,0,0,0,0
24.0,19.4,2.4,0.58,16.9,9.8,2.1,4.8,11.5,15.9,0.4,0,0,0,0,0,0,0,0,3913234,1,0,0,0,0
26.0,22.3,1.3,0.597,7.8,20.7,1.1,0.3,8.5,17.2,1.0,0,0,0,0,0,0,0,0,6696429,0,0,1,0,0
21.0,18.6,1.8,0.539,9.6,7.4,1.4,5.0,10.5,16.2,-2.2,0,0,0,0,0,0,0,0,2413560,0,0,0,1,0
24.0,21.9,1.9,0.545,16.7,8.4,1.4,3.9,13.8,15.9,-1.4,0,0,0,0,0,0,0,0,6000000,1,0,0,0,0
23.0,20.1,1.5,0.516,5.5,8.7,1.7,0.6,7.5,15.8,-2.2,0,0,0,0,0,0,0,0,4296682,0,0,0,0,1
23.0,31.7,2.2,0.58,9.5,16.7,0.8,1.1,11.1,26.5,-0.8,0,0,0,0,0,0,0,0,25794643,0,0,0,0,1
19.0,16.2,1.4,0.451,8.1,13.5,0.9,0.4,15.3,13.6,-6.7,0,0,0,0,0,0,0,0,1891857,0,0,0,0,1
33.0,22.2,1.8,0.521,4.7,23.0,1.2,0.6,11.7,21.7,-3.2,0,0,0,0,0,0,0,0,4033748,0,0,1,0,0
33.0,22.2,1.8,0.521,4.7,23.0,1.2,0.6,11.7,21.7,-3.2,0,0,0,0,0,0,0,0,4033748,0,0,1,0,0
30.0,13.9,1.9,0.593,17.7,6.0,0.9,2.9,12.5,14.7,-3.3,0,0,0,0,0,0,0,0,12648321,1,0,0,0,0
22.0,9.0,0.5,0.604,8.8,8.2,1.4,0.3,3.4,22.1,1.3,0,0,0,0,0,0,0,0,1891857,0,0,0,0,1
26.0,19.8,2.8,0.684,17.9,6.3,2.9,5.3,18.9,13.2,0.7,0,0,0,0,0,0,0,0,12428571,1,0,0,0,0
30.0,24.7,2.2,0.548,10.7,15.0,1.5,2.0,11.6,13.9,0.0,0,0,0,0,0,0,0,0,9375000,0,0,0,1,0
31.0,34.1,3.1,0.675,21.5,5.6,1.0,5.5,13.1,15.4,1.8,2,0,1,0,0,0,1,0,43827586,1,0,0,0,0
25.0,26.9,1.5,0.628,8.9,6.3,1.1,1.2,5.9,18.5,-0.9,0,0,0,0,0,0,0,0,17000000,0,1,0,0,0
35.0,22.5,1.8,0.514,12.7,29.2,2.4,1.4,16.4,25.2,0.5,1,0,0,0,0,0,0,0,5631296,0,0,1,0,0
35.0,22.5,1.8,0.514,12.7,29.2,2.4,1.4,16.4,25.2,0.5,1,0,0,0,0,0,0,0,5631296,0,0,1,0,0
21.0,6.0,0.6,0.638,8.9,25.0,6.0,3.1,18.8,23.0,5.7,0,0,0,0,0,0,0,0,600000,0,0,1,0,0
24.0,32.7,1.4,0.549,10.9,6.0,1.2,0.5,6.4,17.0,-1.8,0,0,0,0,0,0,0,0,6440678,0,0,0,1,0
26.0,22.0,1.3,0.629,8.6,6.2,1.1,1.3,5.3,15.0,1.2,0,0,0,0,0,0,0,0,2092344,0,0,0,1,0
27.0,17.5,1.2,0.598,6.3,14.1,0.9,0.3,4.5,17.5,0.5,0,0,0,0,0,0,0,0,2164993,0,0,0,0,1
24.0,9.8,0.8,0.559,17.6,15.4,0.7,2.2,10.1,17.7,-0.5,0,0,0,0,0,0,0,0,2087519,1,0,0,0,0
23.0,26.5,1.5,0.539,11.9,13.3,1.3,3.1,10.2,17.9,-0.2,0,0,0,0,0,0,0,0,3960531,0,1,0,0,0
19.0,28.5,3.1,0.489,6.2,29.9,1.3,0.7,19.3,26.5,-5.8,0,0,0,0,0,0,0,0,10259160,0,0,1,0,0
22.0,34.9,2.0,0.566,13.0,26.2,1.7,3.7,13.6,24.8,3.7,1,1,0,0,0,0,0,0,10130980,0,0,0,0,1
33.0,14.0,0.9,0.519,6.1,9.7,1.7,0.9,8.8,16.8,-3.3,0,0,0,0,0,0,0,0,2087519,0,0,0,0,1
20.0,33.1,2.8,0.524,8.5,13.8,1.3,1.0,12.9,22.4,-2.8,0,0,0,0,0,0,0,0,6614160,0,0,0,0,1
25.0,34.0,2.5,0.636,9.1,29.8,2.8,2.4,8.4,32.8,9.0,5,1,0,1,0,0,0,0,35859950,0,0,1,0,0
27.0,12.1,1.1,0.499,7.3,14.4,1.6,0.9,12.5,18.7,-3.7,0,0,0,0,0,0,0,0,2875000,0,0,0,0,1
27.0,12.1,1.1,0.499,7.3,14.4,1.6,0.9,12.5,18.7,-3.7,0,0,0,0,0,0,0,0,2875000,0,0,0,0,1
19.0,11.8,1.5,0.568,8.4,9.4,2.4,1.8,7.0,12.7,-2.7,0,0,0,0,0,0,0,0,1891857,0,0,0,1,0
28.0,24.9,1.7,0.6,8.3,8.7,1.3,1.2,10.5,16.5,-1.0,0,0,0,0,0,0,0,0,7692308,0,0,0,1,0
30.0,28.3,1.8,0.543,5.2,22.7,1.2,0.9,11.1,16.6,-1.9,0,0,0,0,0,0,0,0,2087519,0,0,1,0,0
30.0,28.3,1.8,0.543,5.2,22.7,1.2,0.9,11.1,16.6,-1.9,0,0,0,0,0,0,0,0,2087519,0,0,1,0,0
35.0,32.7,1.6,0.616,7.4,24.7,1.1,1.0,11.7,31.3,5.2,3,1,1,0,0,1,0,0,55761216,0,0,1,0,0
26.0,10.1,0.5,0.575,6.7,11.0,1.3,0.2,7.8,16.1,-1.8,0,0,0,0,0,0,0,0,3500000,0,0,0,1,0
31.0,18.2,1.1,0.586,8.4,41.8,2.6,0.5,14.8,23.7,3.0,1,0,0,0,0,0,0,0,9300000,0,0,1,0,0
38.0,10.2,1.6,0.449,10.2,6.9,0.7,3.2,11.7,9.0,-5.3,0,0,0,0,0,0,0,0,2087519,0,1,0,0,0
38.0,10.2,1.6,0.449,10.2,6.9,0.7,3.2,11.7,9.0,-5.3,0,0,0,0,0,0,0,0,2087519,0,1,0,0,0
38.0,10.2,1.6,0.449,10.2,6.9,0.7,3.2,11.7,9.0,-5.3,0,0,0,0,0,0,0,0,2087519,0,1,0,0,0
38.0,10.2,1.6,0.449,10.2,6.9,0.7,3.2,11.7,9.0,-5.3,0,0,0,0,0,0,0,0,2087519,0,1,0,0,0
38.0,10.2,1.6,0.449,10.2,6.9,0.7,3.2,11.7,9.0,-5.3,0,0,0,0,0,0,0,0,2087519,0,1,0,0,0
38.0,10.2,1.6,0.449,10.2,6.9,0.7,3.2,11.7,9.0,-5.3,0,0,0,0,0,0,0,0,2087519,0,1,0,0,0
23.0,19.8,1.8,0.503,6.6,25.5,2.2,1.7,11.2,24.0,-1.2,0,0,0,0,0,0,0,0,2087519,0,0,1,0,0
22.0,21.8,2.3,0.528,17.1,8.3,3.1,3.6,8.9,19.8,1.6,0,0,0,0,0,0,0,0,3695160,0,1,0,0,0
29.0,27.0,1.9,0.579,6.1,7.2,1.3,1.4,10.8,13.8,-2.8,0,0,0,0,0,0,0,0,2087519,0,1,0,0,0
20.0,21.4,1.9,0.578,11.9,5.0,1.6,3.1,9.7,13.7,-1.6,0,0,0,0,0,0,0,0,5848680,0,1,0,0,0
27.0,25.0,1.9,0.615,7.7,8.5,1.1,0.7,8.2,13.6,-1.5,0,0,0,0,0,0,0,0,11423077,0,0,0,0,1
29.0,33.4,1.7,0.555,6.8,27.5,1.5,1.0,8.9,25.9,1.5,0,0,0,0,0,0,0,0,24924126,0,0,0,0,1
26.0,11.6,1.2,0.639,18.1,8.3,1.1,3.5,11.0,19.3,-0.4,0,0,0,0,0,0,0,0,2087519,1,0,0,0,0
31.0,26.8,1.3,0.542,6.5,9.2,1.0,0.2,6.2,22.6,-2.9,1,0,0,0,0,0,0,0,16193183,0,0,0,1,0
31.0,33.8,1.6,0.576,10.6,13.8,1.5,1.8,8.2,20.7,0.9,0,0,0,0,0,0,0,0,25365854,0,1,0,0,0
33.0,19.8,2.1,0.568,11.6,7.3,1.4,2.1,10.7,12.5,-2.0,0,0,0,0,0,0,0,0,3625162,0,0,0,1,0
33.0,19.8,2.1,0.568,11.6,7.3,1.4,2.1,10.7,12.5,-2.0,0,0,0,0,0,0,0,0,3625162,0,0,0,1,0
23.0,24.8,2.5,0.547,11.0,7.2,1.9,1.7,14.9,13.8,-3.1,0,0,0,0,0,0,0,0,1891857,0,1,0,0,0
25.0,36.0,2.0,0.585,4.2,45.1,1.8,0.5,16.5,30.5,2.6,1,1,0,0,0,0,0,0,43031940,0,0,1,0,0
23.0,16.6,1.6,0.692,16.3,10.4,1.2,6.1,11.2,16.4,2.8,0,0,0,0,0,0,0,0,1891857,0,1,0,0,0
24.0,27.8,1.2,0.591,7.3,30.8,1.7,0.3,15.1,15.2,-0.4,0,0,0,0,0,0,0,0,9104167,0,0,1,0,0
22.0,24.1,1.2,0.559,8.5,24.1,2.5,0.3,16.0,18.2,-1.3,0,0,0,0,0,0,0,0,4908373,0,0,1,0,0
23.0,13.6,1.7,0.611,12.4,14.6,1.3,2.0,15.1,21.1,-0.5,0,0,0,0,0,0,0,0,2726603,0,1,0,0,0
28.0,20.0,1.5,0.596,12.4,8.1,0.7,1.5,9.7,14.4,-1.1,0,0,0,0,0,0,0,0,8000000,0,1,0,0,0
23.0,29.6,1.2,0.612,9.2,10.2,1.5,1.6,4.7,18.6,2.5,0,0,0,0,0,0,0,0,5159854,0,0,0,1,0
32.0,11.2,1.2,0.563,17.8,12.7,1.1,2.3,16.9,13.8,-1.4,0,0,0,0,0,0,0,0,2087519,1,0,0,0,0
26.0,7.5,1.0,0.5,3.7,27.3,0.0,0.0,20.0,14.7,-4.9,0,0,0,0,0,0,0,0,2560975,0,0,0,0,1
24.0,33.5,1.5,0.558,8.9,22.4,1.1,0.2,10.6,27.8,0.8,0,0,0,0,0,0,0,0,29000000,0,0,0,0,1
23.0,32.2,1.1,0.605,6.9,44.9,1.8,1.7,12.2,24.6,6.9,2,1,0,0,0,1,0,0,42176400,0,0,1,0,0
23.0,37.5,2.2,0.573,5.4,26.7,1.3,1.1,6.8,28.0,3.1,2,1,1,0,0,0,0,0,35147000,0,0,1,0,0
27.0,29.3,0.7,0.578,5.0,34.6,1.7,0.8,8.8,16.3,0.7,0,0,0,0,0,0,0,0,2087519,0,0,1,0,0
30.0,19.6,1.1,0.524,4.2,31.1,1.3,0.6,19.7,18.8,-4.6,0,0,0,0,0,0,0,0,7723000,0,0,1,0,0
20.0,29.7,2.2,0.565,19.4,21.5,2.0,10.0,16.2,32.2,5.2,3,0,1,0,0,0,1,0,12768960,1,0,0,0,0
23.0,27.6,2.6,0.597,11.0,18.0,1.6,2.2,17.4,15.8,-0.7,0,0,0,0,0,0,0,0,2120693,0,0,0,0,1
22.0,23.3,2.1,0.663,17.7,5.6,1.0,9.2,14.4,12.8,0.9,0,0,0,0,0,0,0,0,2965920,1,0,0,0,0
24.0,25.6,2.2,0.623,15.9,9.9,1.2,1.9,12.3,17.2,0.9,0,0,0,0,0,0,0,0,11950000,1,0,0,0,0
22.0,3.0,0.2,0.5,9.1,10.9,3.3,1.2,18.2,13.0,-2.8,0,0,0,0,0,0,0,0,2537040,0,0,0,0,1
25.0,18.0,1.4,0.472,11.8,11.3,2.6,4.2,10.1,14.8,-1.2,0,0,0,0,0,0,0,0,2237691,0,1,0,0,0
26.0,22.1,3.0,0.565,13.1,18.9,1.1,2.8,16.1,22.7,-2.0,0,0,0,0,0,0,0,0,16741200,1,0,0,0,0
28.0,34.9,2.3,0.578,8.3,16.8,1.2,0.9,11.0,23.8,0.1,0,0,0,0,0,0,0,0,44531940,0,0,0,0,1
23.0,9.9,1.4,0.528,12.1,7.0,1.3,5.6,13.3,15.4,-3.7,0,0,0,0,0,0,0,0,8888889,0,1,0,0,0
22.0,20.4,1.7,0.511,9.5,11.1,1.7,0.8,13.8,19.7,-4.5,0,0,0,0,0,0,0,0,6133005,0,0,0,1,0
23.0,31.5,2.3,0.61,10.2,26.5,1.7,2.1,12.8,29.7,3.8,0,0,0,0,0,0,0,0,36725670,0,1,0,0,0
25.0,22.7,2.2,0.621,5.7,8.5,1.1,0.4,8.4,12.6,-2.2,0,0,0,0,0,0,0,0,2301587,0,0,0,0,1
20.0,22.0,1.7,0.48,4.8,17.1,0.9,0.4,13.2,17.4,-8.1,0,0,0,0,0,0,0,0,3090480,0,0,0,0,1
29.0,28.4,1.6,0.65,9.4,15.0,0.8,0.9,11.3,19.0,1.2,0,0,0,0,0,0,0,0,22841455,0,1,0,0,0
25.0,25.0,2.5,0.653,8.8,6.6,1.5,1.4,8.2,17.4,-0.5,0,0,0,0,0,0,0,0,11000000,0,0,0,1,0
26.0,22.9,1.3,0.596,9.1,10.6,1.7,1.0,8.3,20.3,1.1,0,0,0,0,0,0,0,0,9672897,0,0,0,0,1
21.0,15.6,2.2,0.714,15.3,4.4,1.4,7.5,20.5,14.3,-2.7,0,0,0,0,0,0,0,0,1955377,1,0,0,0,0
30.0,19.3,1.9,0.568,8.2,16.6,4.0,2.9,9.9,15.2,4.0,1,0,0,0,0,0,0,0,18102000,0,0,0,0,1
19.0,27.1,2.2,0.482,12.5,13.9,1.2,5.0,11.2,23.5,-3.3,1,0,0,0,0,0,0,0,11808240,1,0,0,0,0
22.0,31.5,2.8,0.545,17.5,24.1,1.7,2.3,12.7,26.2,4.4,1,1,0,0,0,0,0,0,33944954,1,0,0,0,0
22.0,32.2,2.4,0.602,13.5,16.9,2.1,3.6,14.6,17.5,4.1,2,0,0,0,0,0,1,0,9690600,0,0,0,1,0
31.0,18.8,2.4,0.535,23.4,6.8,2.6,2.4,16.7,19.1,-3.2,0,0,0,0,0,0,0,0,5000000,1,0,0,0,0
23.0,14.6,1.7,0.554,10.1,10.9,1.7,1.3,21.8,11.9,-3.4,0,0,0,0,0,0,0,0,2221677,0,0,0,0,1
25.0,28.9,2.3,0.545,6.4,22.5,2.0,0.5,15.8,16.3,-2.3,0,0,0,0,0,0,0,0,18102000,0,0,0,0,1
29.0,30.7,1.7,0.566,7.9,13.5,1.6,2.6,9.4,24.5,0.9,0,0,0,0,0,0,0,0,28223215,0,0,0,1,0
25.0,32.7,1.7,0.557,4.5,23.3,1.3,0.2,10.6,24.6,-0.1,0,0,0,0,0,0,0,0,27678571,0,0,0,0,1
21.0,24.2,2.1,0.521,7.0,19.4,2.3,2.4,16.4,19.6,-1.9,0,0,0,0,0,0,0,0,7970280,0,0,1,0,0
31.0,33.5,1.9,0.588,19.4,18.3,1.7,6.0,9.5,30.4,5.4,1,1,0,0,0,0,0,0,54126450,1,0,0,0,0
23.0,36.3,1.9,0.595,8.7,20.9,1.6,1.7,12.0,31.4,4.3,4,1,0,0,1,0,0,0,45550512,0,0,0,0,1
22.0,8.7,1.3,0.654,13.5,6.4,0.2,6.4,36.4,11.6,-5.6,0,0,0,0,0,0,0,0,1955377,1,0,0,0,0
22.0,22.5,2.8,0.568,12.6,14.4,3.5,2.9,13.3,19.1,1.7,0,0,0,0,0,0,0,0,8775000,0,0,0,1,0
26.0,34.9,2.1,0.616,7.3,24.9,1.6,0.8,12.9,23.7,1.9,0,0,0,0,0,0,0,0,13937574,0,0,0,0,1
25.0,30.3,2.3,0.585,6.1,20.2,1.4,1.1,12.5,16.6,-1.6,0,0,0,0,0,0,0,0,7518518,0,0,0,0,1
27.0,34.3,2.1,0.561,15.5,20.0,1.8,1.9,11.4,23.5,2.0,1,0,0,0,0,0,0,0,37096620,1,0,0,0,0
24.0,12.4,0.7,0.49,9.2,11.3,2.2,0.5,9.4,14.5,-1.7,0,0,0,0,0,0,0,0,2619000,0,0,0,0,1
23.0,19.5,2.0,0.555,8.0,8.6,1.5,1.0,6.9,11.3,-2.0,0,0,0,0,0,0,0,0,2790720,0,0,0,0,1
22.0,29.8,2.3,0.579,9.9,8.8,1.1,1.0,11.9,22.8,-2.9,0,0,0,0,0,0,0,0,9187573,0,0,0,1,0
20.0,33.0,2.4,0.515,7.8,14.9,1.9,1.9,15.1,17.9,-3.7,0,0,0,0,0,0,0,0,7275600,0,0,0,1,0
21.0,11.8,0.8,0.51,4.8,22.3,2.6,0.8,20.2,16.7,-4.2,0,0,0,0,0,0,0,0,4726328,0,0,0,0,1
21.0,5.3,1.0,0.689,9.2,22.5,2.3,2.3,8.4,11.9,1.0,0,0,0,0,0,0,0,0,1955377,0,0,0,1,0
32.0,25.0,2.4,0.559,6.6,15.2,1.5,0.8,12.4,18.7,-2.0,0,0,0,0,0,0,0,0,16020000,0,0,0,0,1
31.0,32.1,2.6,0.598,5.8,17.6,1.7,1.5,11.6,22.1,-1.1,0,0,0,0,0,0,0,0,53666270,0,0,0,0,1
21.0,26.8,1.5,0.557,10.2,18.7,2.0,0.7,10.1,18.3,0.7,0,0,0,0,0,0,0,0,3687960,0,0,0,0,1
28.0,18.9,2.3,0.638,14.3,7.4,2.0,2.7,8.9,15.3,0.8,0,0,0,0,0,0,0,0,12500000,0,1,0,0,0
27.0,33.1,2.5,0.56,9.1,26.8,1.3,1.8,16.2,30.2,-0.3,0,0,0,0,0,0,0,0,38095238,0,0,0,1,0
22.0,34.2,2.7,0.54,7.6,18.3,1.5,2.1,12.6,27.7,0.0,0,0,0,0,0,0,0,0,11968800,0,0,0,1,0
21.0,20.2,1.6,0.612,7.9,12.0,1.5,0.5,14.5,21.5,-1.2,0,0,0,0,0,0,0,0,2693760,0,0,0,1,0
20.0,6.7,0.5,0.424,5.6,16.5,2.4,1.6,15.1,20.9,-7.2,0,0,0,0,0,0,0,0,1955377,0,0,0,0,1
19.0,30.0,2.3,0.514,7.2,21.2,1.0,0.8,15.2,15.8,-4.6,0,0,0,0,0,0,0,0,4677600,0,0,1,0,0
32.0,22.7,1.6,0.56,7.6,10.7,1.8,1.2,10.1,20.5,-1.0,0,0,0,0,0,0,0,0,9219512,0,0,0,0,1
33.0,32.7,2.2,0.55,6.2,20.6,1.2,1.3,9.0,27.2,-1.4,0,0,0,0,0,0,0,0,30666666,0,0,1,0,0
23.0,35.0,2.8,0.565,9.6,43.0,1.4,2.1,16.0,33.2,3.9,3,1,0,0,0,1,0,0,38661750,0,0,1,0,0
29.0,27.1,1.9,0.513,8.2,10.7,1.9,1.8,13.9,14.4,-3.2,0,0,0,0,0,0,0,0,9594044,0,0,0,1,0
19.0,4.5,0.3,0.349,11.5,13.7,4.2,1.7,7.2,20.5,-2.5,0,0,0,0,0,0,0,0,1955377,0,0,0,0,1
20.0,16.2,0.9,0.549,9.7,8.9,1.8,1.4,9.6,23.9,0.3,0,0,0,0,0,0,0,0,3539760,0,0,0,1,0
28.0,31.6,1.8,0.632,7.8,18.5,1.5,1.4,10.5,22.9,3.1,0,0,0,0,0,0,0,0,20543478,0,1,0,0,0
21.0,27.6,2.1,0.562,6.5,11.5,3.1,1.9,10.5,12.8,1.0,0,0,0,0,0,0,0,0,5820240,0,0,0,0,1
22.0,27.4,2.3,0.599,15.7,9.7,1.3,8.2,12.3,22.0,2.4,0,0,0,0,0,0,0,0,13731368,1,0,0,0,0
23.0,33.9,2.2,0.665,8.4,10.1,1.5,1.2,8.1,15.8,0.3,0,0,0,0,0,0,0,0,4921797,0,0,0,0,1
26.0,21.8,0.6,0.641,13.5,10.5,1.3,2.0,6.8,9.8,-0.2,0,0,0,0,0,0,0,0,2546675,0,1,0,0,0
24.0,33.1,2.1,0.601,5.8,19.5,1.3,0.6,12.4,24.4,-0.9,0,0,0,0,0,0,0,0,12888889,0,0,0,0,1
20.0,21.2,1.9,0.419,5.7,7.4,1.0,1.4,13.8,12.5,-7.3,0,0,0,0,0,0,0,0,5742480,0,0,0,0,1
24.0,18.4,2.3,0.531,9.5,25.5,1.8,2.5,14.8,24.6,0.1,0,0,0,0,0,0,0,0,13100000,0,0,1,0,0
26.0,27.9,2.3,0.593,5.2,25.1,1.3,0.3,14.1,27.0,-0.6,0,0,0,0,0,0,0,0,19175000,0,0,0,0,1
25.0,26.3,1.6,0.584,5.9,9.7,0.8,0.8,9.6,17.5,-3.7,0,0,0,0,0,0,0,0,13975000,0,0,0,1,0
24.0,10.1,0.5,0.61,7.1,17.7,1.6,2.6,19.8,15.9,1.1,0,0,0,0,0,0,0,0,2221677,0,0,1,0,0
27.0,22.8,2.1,0.518,6.7,7.2,1.2,2.3,10.3,13.5,-4.7,0,0,0,0,0,0,0,0,2743776,0,0,0,0,1
22.0,13.5,1.6,0.546,6.6,12.7,2.1,1.3,15.1,14.9,-3.8,0,0,0,0,0,0,0,0,5399118,0,0,0,0,1
23.0,19.2,1.2,0.594,8.1,6.5,0.8,0.5,5.9,18.5,-1.8,0,0,0,0,0,0,0,0,4010160,0,0,0,1,0
34.0,36.1,1.7,0.621,7.1,29.7,1.6,0.4,12.2,27.8,4.0,1,1,0,0,0,0,0,0,54126450,0,0,1,0,0
26.0,21.5,2.7,0.716,17.2,10.2,0.9,7.1,11.9,19.5,3.8,0,0,0,0,0,0,0,0,14386320,1,0,0,0,0
30.0,13.1,1.2,0.449,13.1,13.1,1.6,0.4,19.4,15.6,-4.8,0,0,0,0,0,0,0,0,5426400,1,0,0,0,0
20.0,12.3,1.1,0.58,6.7,7.8,1.2,0.4,13.3,20.1,-3.7,0,0,0,0,0,0,0,0,3262560,0,0,0,1,0
25.0,30.7,1.9,0.6,5.0,32.2,1.9,0.4,12.8,27.2,3.1,2,1,0,0,0,0,0,0,39446090,0,0,1,0,0
27.0,36.1,2.6,0.56,7.4,27.2,2.0,1.1,11.8,28.3,0.4,0,0,0,0,0,0,0,0,37096620,0,0,1,0,0
27.0,27.2,2.4,0.623,8.1,7.5,1.4,0.7,8.6,22.8,0.4,1,0,0,0,0,0,0,0,23303571,0,0,0,1,0
35.0,35.9,1.9,0.569,6.0,18.7,1.1,1.1,6.5,25.0,-0.1,0,0,0,0,0,0,0,0,24570000,0,0,0,1,0
28.0,21.2,1.7,0.563,10.8,7.3,1.6,1.4,7.2,10.4,0.3,0,0,0,0,0,0,0,0,6623456,0,1,0,0,0
26.0,30.2,2.2,0.583,18.2,8.5,1.2,2.9,12.2,19.4,-0.7,0,0,0,0,0,0,0,0,35550814,1,0,0,0,0
28.0,32.6,2.0,0.494,10.7,34.6,3.0,1.1,16.2,27.3,-1.6,0,0,0,0,0,0,0,0,31557103,0,0,1,0,0
24.0,30.0,2.4,0.605,13.1,19.9,1.6,1.5,16.3,23.2,2.1,0,0,0,0,0,0,0,0,14375000,0,0,0,1,0
20.0,23.1,2.8,0.704,17.7,14.3,1.2,5.7,15.5,13.6,3.3,0,0,0,0,0,0,0,0,5253360,1,0,0,0,0
27.0,24.3,2.0,0.609,8.0,4.6,2.1,1.7,9.3,16.5,-0.3,0,0,0,0,0,0,0,0,10000000,0,0,0,1,0
30.0,33.9,1.8,0.606,7.2,20.2,1.4,2.9,11.3,19.8,3.5,1,0,0,0,0,0,0,0,28100000,0,0,0,0,1
26.0,32.0,2.4,0.6,10.0,23.6,1.7,1.2,13.3,23.3,3.2,0,0,0,0,0,0,0,0,36725670,0,0,0,0,1
28.0,37.3,2.6,0.589,6.1,30.6,1.2,0.5,11.9,29.3,0.4,0,0,0,0,0,0,0,0,53142264,0,0,0,0,1
22.0,11.0,1.1,0.471,10.8,13.5,2.6,1.0,11.0,17.9,-3.2,0,0,0,0,0,0,0,0,4923720,0,0,1,0,0
24.0,31.0,1.7,0.553,6.9,13.8,2.0,1.5,8.5,22.1,-1.1,0,0,0,0,0,0,0,0,27000000,0,0,0,0,1
29.0,31.8,3.2,0.555,6.1,7.4,1.2,0.6,7.4,17.7,-1.4,0,0,0,0,0,0,0,0,21124110,0,0,0,1,0
23.0,10.2,1.0,0.464,11.8,12.6,1.4,0.7,16.2,13.3,-4.0,0,0,0,0,0,0,0,0,2753280,0,0,0,1,0
28.0,34.7,3.3,0.655,22.4,26.0,1.0,1.0,16.5,21.6,5.2,0,0,0,0,0,0,0,0,43636000,1,0,0,0,0
20.0,19.8,2.8,0.574,21.6,8.3,1.2,7.5,15.9,14.2,-0.3,0,0,0,0,0,0,0,0,7178400,1,0,0,0,0
28.0,31.4,2.0,0.575,7.8,23.9,2.0,0.7,9.2,30.9,3.7,4,1,0,1,0,0,0,0,46394100,0,0,0,0,1
28.0,25.9,1.8,0.582,7.9,20.2,2.2,1.0,13.8,19.4,1.9,0,0,0,0,0,0,0,0,11990000,0,0,0,0,1
34.0,29.2,3.2,0.534,11.2,26.2,2.4,3.4,23.3,15.9,0.5,2,0,0,0,0,0,1,0,25892857,0,1,0,0,0
30.0,24.1,1.8,0.595,5.2,14.7,1.1,0.3,11.1,19.2,-1.7,0,0,0,0,0,0,0,0,9888000,0,0,0,1,0
28.0,10.2,0.9,0.552,10.6,8.0,1.2,2.7,8.3,17.0,-0.3,0,0,0,0,0,0,0,0,2221677,1,0,0,0,0
33.0,10.0,1.4,0.713,11.7,12.5,1.6,3.3,18.4,7.6,0.0,0,0,0,0,0,0,0,0,4000000,1,0,0,0,0
21.0,33.8,2.3,0.545,9.6,17.9,4.2,2.0,13.6,18.2,1.5,3,0,1,0,0,0,1,0,7707709,0,0,0,0,1
24.0,4.4,0.9,0.661,8.9,7.6,0.9,1.6,11.2,14.1,-4.1,0,0,0,0,0,0,0,0,706898,0,1,0,0,0
30.0,21.3,1.5,0.34,8.3,43.3,2.3,2.1,32.1,15.2,-6.4,0,0,0,0,0,0,0,0,3153598,0,0,1,0,0
30.0,21.3,1.5,0.34,8.3,43.3,2.3,2.1,32.1,15.2,-6.4,0,0,0,0,0,0,0,0,3153598,0,0,1,0,0
30.0,21.3,1.5,0.34,8.3,43.3,2.3,2.1,32.1,15.2,-6.4,0,0,0,0,0,0,0,0,3153598,0,0,1,0,0
23.0,30.5,2.0,0.633,16.5,15.1,1.4,4.7,12.2,23.2,4.6,5,1,1,0,1,0,1,0,46394100,0,1,0,0,0
23.0,33.7,2.5,0.558,9.7,26.6,1.9,1.0,9.6,31.0,3.1,0,0,0,0,0,0,0,0,38661750,0,0,0,1,0
20.0,15.8,1.0,0.482,10.6,8.2,1.2,1.0,12.5,21.7,-5.3,0,0,0,0,0,0,0,0,2221677,0,1,0,0,0
28.0,21.2,2.1,0.536,3.4,8.7,1.6,0.8,8.7,13.5,-4.0,0,0,0,0,0,0,0,0,11500000,0,0,1,0,0
31.0,21.5,2.5,0.607,8.7,8.8,0.8,0.8,11.3,17.9,-2.3,0,0,0,0,0,0,0,0,8200000,0,1,0,0,0
30.0,34.2,2.3,0.625,19.0,36.0,1.2,3.2,11.2,35.2,9.5,4,1,0,1,0,0,0,0,54126450,0,1,0,0,0
25.0,20.4,2.1,0.631,18.6,14.8,1.7,6.6,15.3,14.3,2.5,0,0,0,0,0,0,0,0,8333333,1,0,0,0,0
21.0,29.4,2.2,0.543,6.5,8.9,1.5,0.6,10.4,21.0,-3.2,0,0,0,0,0,0,0,0,4990560,0,0,0,0,1
26.0,29.9,2.9,0.596,9.1,11.3,1.8,2.7,16.7,14.8,-1.6,0,0,0,0,0,0,0,0,13645500,0,1,0,0,0
29.0,24.1,1.5,0.631,7.0,12.5,1.7,1.2,12.2,17.6,-0.3,0,0,0,0,0,0,0,0,16875000,0,0,0,0,1
22.0,13.6,1.6,0.575,12.1,14.2,1.6,1.2,17.5,13.2,-1.7,0,0,0,0,0,0,0,0,2221677,0,1,0,0,0
32.0,27.2,0.9,0.656,7.4,8.6,0.8,0.6,6.1,15.7,0.0,0,0,0,0,0,0,0,0,19000000,0,1,0,0,0
28.0,24.6,2.2,0.583,7.7,8.4,1.9,2.0,11.6,11.3,-1.9,0,0,0,0,0,0,0,0,5616000,0,0,0,1,0
26.0,32.4,3.3,0.541,6.5,13.8,2.8,1.3,15.6,14.6,-3.6,0,0,0,0,0,0,0,0,13937574,0,0,0,1,0
24.0,7.8,0.9,0.506,10.7,6.1,1.2,1.3,9.6,15.5,-4.8,0,0,0,0,0,0,0,0,2221677,0,1,0,0,0
25.0,27.8,1.8,0.57,6.8,31.5,1.2,0.4,10.5,25.1,2.2,0,0,0,0,0,0,0,0,32500000,0,0,1,0,0
24.0,19.1,1.9,0.587,6.7,8.0,1.5,1.4,7.4,12.5,-0.5,0,0,0,0,0,0,0,0,11000000,0,0,0,0,1
20.0,25.9,2.1,0.494,6.9,34.3,1.7,0.8,25.0,18.9,-5.3,0,0,0,0,0,0,0,0,2638200,0,0,1,0,0
26.0,27.9,3.0,0.599,20.6,18.3,1.4,3.9,15.3,16.7,3.2,0,0,0,0,0,0,0,0,28500000,1,0,0,0,0
25.0,21.7,1.5,0.617,6.6,9.7,1.4,0.6,5.8,17.2,1.3,0,0,0,0,0,0,0,0,12362338,0,0,0,0,1
23.0,19.9,2.5,0.616,15.4,11.3,0.9,6.7,16.1,12.4,0.6,0,0,0,0,0,0,0,0,15000000,1,0,0,0,0
27.0,32.8,2.1,0.641,21.8,12.8,1.0,3.4,10.8,19.5,3.1,2,0,0,0,0,0,0,1,18102000,1,0,0,0,0
25.0,30.4,2.3,0.563,7.1,36.0,1.9,0.7,15.2,32.2,2.4,0,0,0,0,0,0,0,0,39446090,0,0,1,0,0
20.0,21.2,1.8,0.523,7.8,10.2,1.9,0.9,10.4,18.2,-3.0,0,0,0,0,0,0,0,0,3638160,0,0,0,0,1
21.0,30.1,2.2,0.562,12.4,4.7,0.7,2.1,8.9,16.4,-0.7,0,0,0,0,0,0,0,0,12350392,0,1,0,0,0
22.0,15.9,1.6,0.549,5.3,13.2,1.5,0.5,15.4,25.3,-4.7,0,0,0,0,0,0,0,0,6000000,0,0,0,0,1
22.0,29.9,2.2,0.569,7.6,19.7,1.5,1.2,16.1,26.0,0.0,0,0,0,0,0,0,0,0,10107163,0,0,0,0,1
24.0,31.9,2.7,0.562,10.0,9.0,2.1,2.6,9.6,16.3,0.0,0,0,0,0,0,0,0,0,24858622,0,1,0,0,0
23.0,20.7,1.2,0.543,11.7,17.9,2.2,1.0,15.7,20.2,-0.9,0,0,0,0,0,0,0,0,3861600,0,0,0,1,0
29.0,29.6,3.1,0.641,17.4,14.5,1.9,4.0,14.7,18.7,2.0,0,0,0,0,0,0,0,0,19500000,1,0,0,0,0
28.0,35.4,2.1,0.605,4.7,32.3,1.3,0.3,10.5,29.5,3.3,4,1,1,0,1,0,0,0,34944001,0,0,1,0,0
21.0,26.1,3.2,0.703,22.0,14.7,1.3,4.2,17.2,16.4,3.1,0,0,0,0,0,0,0,0,6483144,1,0,0,0,0
22.0,32.9,1.5,0.544,7.4,16.0,1.3,0.9,11.4,27.3,0.5,0,0,0,0,0,0,0,0,33333333,0,0,0,0,1
23.0,35.7,1.9,0.569,15.3,20.5,2.0,2.6,15.1,22.5,1.8,0,0,0,0,0,0,0,0,30000000,0,0,0,1,0
25.0,13.6,0.8,0.545,5.9,19.5,1.4,0.7,11.6,13.2,-1.5,0,0,0,0,0,0,0,0,2221677,0,0,0,0,1
24.0,15.0,1.5,0.586,19.5,9.7,0.8,4.0,7.6,21.0,0.9,0,0,0,0,0,0,0,0,9000000,1,0,0,0,0
23.0,28.6,2.8,0.536,8.1,21.6,2.5,3.2,16.2,27.5,0.4,0,0,0,0,0,0,0,0,35000000,0,0,1,0,0
23.0,32.4,2.3,0.573,8.8,23.4,2.4,2.1,10.3,27.5,4.0,3,1,0,0,0,1,0,1,6580997,0,0,0,0,1
24.0,25.7,2.1,0.541,7.5,10.8,1.0,0.2,10.2,16.6,-3.9,0,0,0,0,0,0,0,0,2221677,0,1,0,0,0
27.0,36.1,1.9,0.584,5.9,23.2,1.8,1.2,10.1,24.0,0.8,0,0,0,0,0,0,0,0,46394100,0,0,1,0,0
22.0,19.6,2.1,0.499,4.2,29.8,1.9,0.7,18.0,18.6,-4.1,0,0,0,0,0,0,0,0,1955377,0,0,1,0,0
23.0,5.0,0.0,0.615,11.1,0.0,0.0,0.0,0.0,42.2,1.6,0,0,0,0,0,0,0,0,2667947,1,0,0,0,0
23.0,17.7,1.6,0.59,8.1,7.1,0.8,0.9,7.1,15.3,-2.3,0,0,0,0,0,0,0,0,1955377,0,0,0,1,0
21.0,15.8,1.5,0.59,10.8,12.2,2.2,1.9,16.7,17.1,-0.9,0,0,0,0,0,0,0,0,6665520,0,1,0,0,0
20.0,25.7,1.6,0.589,5.4,16.7,1.2,0.0,11.0,24.7,0.2,1,0,0,0,0,0,0,0,4221360,0,0,0,0,1
25.0,29.8,3.5,0.591,10.0,10.1,1.9,4.7,9.9,28.1,2.3,3,1,0,0,0,0,0,1,35000000,1,0,0,0,0
25.0,16.1,1.9,0.537,17.6,9.4,3.0,1.6,17.5,12.5,-1.0,0,0,0,0,0,0,0,0,11571429,0,1,0,0,0
26.0,28.0,1.5,0.724,18.8,9.5,1.6,2.9,11.3,15.9,4.2,0,0,0,0,0,0,0,0,20000000,1,0,0,0,0
26.0,11.7,1.2,0.666,9.1,7.0,1.0,6.9,9.3,19.6,3.5,0,0,0,0,0,0,0,0,2349578,1,0,0,0,0
28.0,34.3,2.4,0.555,9.3,21.4,1.7,0.8,11.4,28.9,0.0,1,1,0,0,0,0,0,0,53142264,0,0,0,1,0
21.0,25.9,1.8,0.56,6.9,8.4,1.0,0.4,8.6,15.9,-2.2,1,0,0,0,0,0,0,0,1955377,0,0,0,0,1
22.0,9.6,1.1,0.523,11.5,12.4,1.4,0.6,14.0,17.4,-2.7,0,0,0,0,0,0,0,0,3492480,0,0,0,0,1
26.0,36.4,2.2,0.582,12.9,27.0,1.5,1.3,11.2,31.2,5.2,4,1,0,1,0,0,0,0,54126450,0,1,0,0,0
30.0,32.4,2.3,0.523,5.8,9.5,1.3,2.7,9.1,19.4,-1.6,0,0,0,0,0,0,0,0,32000001,0,1,0,0,0
21.0,25.3,2.4,0.589,13.8,13.7,1.6,1.8,13.8,19.0,-1.2,0,0,0,0,0,0,0,0,7096231,0,1,0,0,0
21.0,11.7,1.1,0.491,5.7,9.6,0.9,1.5,11.7,19.2,-5.3,0,0,0,0,0,0,0,0,5529720,0,0,0,1,0
29.0,8.9,0.4,0.509,6.4,17.2,1.9,0.8,6.8,21.0,-2.1,0,0,0,0,0,0,0,0,6809524,0,0,1,0,0
35.0,31.7,0.9,0.626,9.2,25.5,2.2,1.0,8.8,20.8,4.9,0,0,0,0,0,0,0,0,54126450,0,0,0,1,0
29.0,11.9,1.2,0.59,14.6,10.3,1.3,1.8,11.0,15.7,0.4,0,0,0,0,0,0,0,0,8000000,1,0,0,0,0
30.0,30.2,2.2,0.58,15.3,25.6,1.2,3.1,13.7,34.2,3.5,0,0,0,0,0,0,0,0,55224526,1,0,0,0,0
27.0,30.5,2.9,0.628,14.4,10.8,1.5,3.1,14.6,24.2,1.0,0,0,0,0,0,0,0,0,26580000,0,1,0,0,0
28.0,12.1,0.7,0.592,14.3,8.8,2.5,2.3,14.5,8.0,1.7,0,0,0,0,0,0,0,0,6165000,0,0,0,0,1
20.0,7.6,0.8,0.506,10.4,6.2,2.3,2.6,10.6,13.0,-2.5,0,0,0,0,0,0,0,0,1955377,0,0,0,0,1
32.0,18.8,2.2,0.602,22.0,17.6,1.2,2.8,14.6,22.8,0.6,0,0,0,0,0,0,0,0,10395000,1,0,0,0,0
27.0,15.4,1.3,0.512,16.5,5.5,2.8,7.0,8.2,16.2,0.7,0,0,0,0,0,0,0,0,15000000,0,1,0,0,0
23.0,20.4,2.2,0.496,13.0,15.3,2.1,2.5,15.1,15.0,-1.9,0,0,0,0,0,0,0,0,1955377,0,1,0,0,0
32.0,26.0,1.4,0.54,6.6,22.9,1.5,0.9,13.4,27.8,-1.5,0,0,0,0,0,0,0,0,14285714,0,0,0,0,1
22.0,23.6,0.9,0.504,6.5,7.3,1.1,1.7,8.8,21.0,-5.4,0,0,0,0,0,0,0,0,4741320,0,0,0,0,1
25.0,29.4,3.0,0.591,5.3,25.6,2.0,1.2,14.8,29.0,0.4,0,0,0,0,0,0,0,0,31848215,0,0,0,0,1
20.0,7.8,0.6,0.464,9.3,6.0,1.5,2.5,16.1,11.5,-3.9,0,0,0,0,0,0,0,0,2221677,0,1,0,0,0
26.0,24.4,1.6,0.523,5.4,27.3,2.6,1.0,13.4,19.8,-1.4,0,0,0,0,0,0,0,0,4500000,0,0,1,0,0
24.0,27.8,2.4,0.559,4.9,8.2,1.9,0.8,13.4,11.8,-4.3,0,0,0,0,0,0,0,0,13666667,0,0,0,0,1
29.0,37.6,2.6,0.611,14.6,20.7,2.0,0.9,15.5,15.3,2.8,0,0,0,0,0,0,0,0,19472240,0,0,0,0,1
34.0,30.6,1.6,0.565,7.6,17.3,1.7,1.3,11.3,15.8,0.7,0,0,0,0,0,0,0,0,32400000,0,0,1,0,0
23.0,23.6,1.4,0.577,8.8,7.9,1.5,1.6,9.5,17.2,-1.3,0,0,0,0,0,0,0,0,3000000,0,0,0,1,0
21.0,14.2,1.4,0.571,7.9,4.4,1.6,1.5,7.8,12.9,-3.0,0,0,0,0,0,0,0,0,2221677,0,0,0,1,0
22.0,21.3,2.3,0.559,5.6,7.6,1.4,1.0,9.8,17.8,-4.5,0,0,0,0,0,0,0,0,2674200,0,0,0,0,1
30.0,20.8,2.5,0.555,20.5,16.8,1.9,3.1,19.2,20.6,-1.3,0,0,0,0,0,0,0,0,19375000,1,0,0,0,0
24.0,21.2,2.3,0.618,7.6,7.4,0.9,2.3,9.8,11.5,-3.6,0,0,0,0,0,0,0,0,8025000,0,1,0,0,0
29.0,35.0,3.5,0.63,21.0,13.8,1.4,1.9,12.1,27.4,3.6,2,1,0,0,0,1,0,0,53142264,1,0,0,0,0
23.0,18.8,2.5,0.639,14.2,8.6,1.3,5.0,14.5,15.9,-2.0,0,0,0,0,0,0,0,0,1955377,0,1,0,0,0
33.0,31.9,1.5,0.589,10.5,16.4,2.5,1.4,9.6,27.7,3.1,0,0,0,0,0,0,0,0,50000000,0,0,0,1,0
24.0,34.3,2.4,0.553,10.9,5.6,1.1,2.6,6.6,15.0,-1.6,0,0,0,0,0,0,0,0,11144093,0,1,0,0,0
20.0,22.2,1.7,0.603,18.4,6.5,1.4,4.8,10.4,17.2,-0.1,1,0,0,0,0,0,0,0,4443360,1,0,0,0,0
25.0,23.9,1.5,0.572,10.8,10.2,1.3,1.1,8.3,21.6,-1.6,0,0,0,0,0,0,0,0,17500000,0,0,0,1,0
33.0,20.3,2.8,0.609,12.4,20.5,1.8,2.0,19.4,18.5,-0.7,0,0,0,0,0,0,0,0,13445122,1,0,0,0,0
29.0,34.6,3.0,0.551,10.0,7.9,2.2,1.4,8.9,18.9,-2.3,0,0,0,0,0,0,0,0,8382150,0,0,0,1,0
30.0,16.4,1.6,0.587,11.4,11.0,1.8,0.9,9.5,15.4,0.6,0,0,0,0,0,0,0,0,7163000,0,1,0,0,0
31.0,29.6,1.8,0.574,4.3,8.7,2.2,1.4,9.6,12.4,-1.4,0,0,0,0,0,0,0,0,21621500,0,0,0,0,1
25.0,24.4,2.2,0.664,6.1,8.0,3.0,3.2,12.4,12.7,1.9,0,0,0,0,0,0,0,0,2301587,0,0,0,0,1
22.0,24.4,2.6,0.499,8.8,14.6,2.1,1.5,12.1,21.7,-3.3,0,0,0,0,0,0,0,0,2349578,0,0,0,0,1
23.0,6.1,0.7,0.718,15.8,6.3,2.5,3.9,11.8,15.4,-0.1,0,0,0,0,0,0,0,0,1955377,0,0,0,1,0
36.0,36.5,1.7,0.642,9.2,19.6,1.1,3.2,12.9,28.7,3.2,1,1,0,0,0,0,0,0,54708609,0,1,0,0,0
26.0,24.3,1.8,0.544,6.7,12.6,1.9,1.3,9.7,17.5,-2.0,0,0,0,0,0,0,0,0,17991071,0,0,0,0,1
36.0,10.9,0.9,0.488,20.7,13.1,3.0,1.5,10.1,24.6,0.4,0,0,0,0,0,0,0,0,4150000,0,1,0,0,0
21.0,31.5,1.7,0.539,6.5,26.9,1.0,0.4,14.9,24.3,-2.7,0,0,0,0,0,0,0,0,4278960,0,0,1,0,0
33.0,22.8,2.0,0.588,8.7,26.8,2.0,0.9,13.0,22.0,0.7,0,0,0,0,0,0,0,0,33296296,0,0,0,1,0
34.0,27.3,1.1,0.552,6.8,10.7,1.2,1.3,8.8,21.8,-1.0,0,0,0,0,0,0,0,0,16666667,0,0,0,1,0
25.0,6.8,0.6,0.513,13.5,11.9,1.3,1.5,13.8,14.0,-2.1,0,0,0,0,0,0,0,0,2654880,0,1,0,0,0
21.0,12.4,0.9,0.483,9.3,18.2,1.1,1.5,12.7,20.8,-4.0,0,0,0,0,0,0,0,0,4503720,0,0,0,0,1
30.0,24.1,2.7,0.531,8.0,15.6,3.5,1.5,14.2,12.7,0.6,0,0,0,0,0,0,0,0,5426400,0,0,1,0,0
24.0,15.1,1.0,0.472,9.5,9.0,1.6,1.5,12.4,13.9,-3.0,0,0,0,0,0,0,0,0,3132000,0,0,0,1,0
29.0,28.8,2.8,0.618,12.8,11.4,1.3,4.8,7.4,25.9,4.7,0,0,0,0,0,0,0,0,30731707,1,0,0,0,0
31.0,16.4,1.3,0.538,11.2,20.7,2.0,3.1,10.0,15.9,1.5,0,0,0,0,0,0,0,0,9219512,0,1,0,0,0
21.0,21.1,2.4,0.594,15.6,13.9,1.5,1.4,14.9,18.7,-1.0,0,0,0,0,0,0,0,0,3000000,1,0,0,0,0
29.0,29.8,1.8,0.514,10.2,12.1,0.9,0.9,13.5,24.0,-4.9,0,0,0,0,0,0,0,0,22410605,0,1,0,0,0
21.0,26.5,3.0,0.503,8.2,13.3,1.8,2.5,14.2,15.9,-4.1,0,0,0,0,0,0,0,0,2966760,0,0,0,0,1
23.0,32.0,3.3,0.536,8.2,43.8,1.8,0.8,13.1,35.9,3.2,0,0,0,0,0,0,0,0,37958760,0,0,1,0,0
27.0,31.4,1.7,0.571,10.1,7.5,1.1,1.1,7.8,24.0,-0.3,0,0,0,0,0,0,0,0,46394100,0,1,0,0,0
40.0,34.9,1.4,0.604,12.6,40.3,1.4,1.5,15.5,30.1,5.6,4,1,0,0,1,0,0,0,52627153,0,0,0,1,0
21.0,2.5,0.2,0.54,19.1,0.0,3.1,2.9,9.7,27.8,-3.7,0,0,0,0,0,0,0,0,2221677,0,0,0,1,0
27.0,22.2,1.6,0.524,8.0,18.9,2.8,1.9,13.9,15.9,0.2,0,0,0,0,0,0,0,0,10000000,0,0,1,0,0
25.0,29.2,2.9,0.586,7.6,6.9,1.8,1.9,7.7,13.6,0.2,2,0,0,0,0,0,1,0,17722222,0,0,0,1,0
25.0,35.4,2.5,0.587,12.8,36.1,2.5,1.1,13.0,33.9,6.7,0,0,0,0,0,0,0,0,45999660,0,0,1,0,0
29.0,18.6,1.6,0.683,15.5,11.9,1.3,4.8,8.8,11.4,3.3,0,0,0,0,0,0,0,0,11000000,1,0,0,0,0
21.0,9.1,0.6,0.575,6.4,13.4,1.2,0.4,14.3,23.8,-3.2,0,0,0,0,0,0,0,0,4962033,0,0,0,0,1
26.0,31.6,2.4,0.549,6.7,25.7,1.5,1.8,13.5,24.6,-0.8,0,0,0,0,0,0,0,0,18797619,0,0,0,0,1
24.0,14.2,1.3,0.589,4.7,22.9,2.2,0.5,14.5,19.4,-0.6,0,0,0,0,0,0,0,0,2886720,0,0,1,0,0
30.0,20.0,1.6,0.529,5.6,21.7,2.7,1.2,15.8,20.6,-1.5,0,0,0,0,0,0,0,0,21586855,0,0,1,0,0
23.0,26.6,2.4,0.647,20.3,16.5,1.3,4.5,12.0,21.4,3.5,0,0,0,0,0,0,0,0,6276531,1,0,0,0,0
20.0,18.9,1.6,0.571,9.6,7.2,0.9,4.3,10.9,18.7,-2.5,1,0,0,0,0,0,0,0,5455560,0,0,0,1,0
27.0,20.8,0.9,0.592,9.0,12.7,5.1,2.6,12.1,14.4,5.0,0,0,0,0,0,0,0,0,11550000,0,0,0,0,1
21.0,27.3,1.5,0.57,6.7,9.2,1.5,1.3,11.8,15.2,-2.5,0,0,0,0,0,0,0,0,7714286,0,0,0,0,1
28.0,25.5,2.1,0.607,9.2,15.6,1.0,0.9,12.2,14.7,1.3,0,0,0,0,0,0,0,0,15936452,0,0,0,1,0
33.0,18.7,1.9,0.489,8.1,8.3,0.7,2.3,17.9,8.7,-3.8,0,0,0,0,0,0,0,0,11000000,0,1,0,0,0
26.0,33.7,2.0,0.617,11.4,8.7,0.9,1.3,8.4,20.2,-0.1,0,0,0,0,0,0,0,0,38333050,0,0,0,1,0
28.0,37.0,1.5,0.585,4.9,14.4,1.2,1.3,9.7,19.6,-0.5,0,0,0,0,0,0,0,0,24900000,0,0,0,1,0
37.0,24.7,1.6,0.573,5.7,24.5,2.2,0.7,12.9,14.4,1.2,0,0,0,0,0,0,0,0,10774038,0,0,1,0,0
26.0,31.7,1.5,0.541,12.6,21.7,1.1,2.2,10.2,28.0,1.8,0,0,0,0,0,0,0,0,25000000,0,1,0,0,0
24.0,24.9,1.7,0.531,5.8,15.6,2.1,1.0,6.7,16.8,0.0,0,0,0,0,0,0,0,0,4333333,0,0,0,0,1
26.0,17.1,1.5,0.676,20.0,5.9,2.7,5.8,13.4,11.1,3.3,0,0,0,0,0,0,0,0,12954546,1,0,0,0,0
27.0,18.8,1.8,0.649,15.0,13.7,2.1,2.0,14.1,26.8,4.0,0,0,0,0,0,0,0,0,5000000,1,0,0,0,0
22.0,22.3,1.6,0.578,6.2,8.3,1.7,1.8,7.9,17.4,-0.9,0,0,0,0,0,0,0,0,11574075,0,0,0,0,1
22.0,16.2,1.7,0.52,14.3,6.6,2.5,5.7,7.3,15.7,-0.6,0,0,0,0,0,0,0,0,2221677,0,1,0,0,0
23.0,17.5,1.5,0.609,18.8,6.8,1.8,3.2,15.6,13.4,-1.9,0,0,0,0,0,0,0,0,2270735,1,0,0,0,0
27.0,27.8,1.6,0.584,9.3,15.8,1.8,0.5,12.5,20.0,-0.8,0,0,0,0,0,0,0,0,9000000,0,0,0,1,0
25.0,13.9,1.7,0.674,14.9,7.4,1.0,4.5,14.8,13.7,-0.7,0,0,0,0,0,0,0,0,2349578,1,0,0,0,0
25.0,26.9,2.1,0.569,15.5,13.7,1.6,5.3,12.0,16.8,0.4,0,0,0,0,0,0,0,0,25352272,1,0,0,0,0
27.0,22.0,2.5,0.634,20.4,5.9,0.5,4.2,16.3,17.3,-3.3,0,0,0,0,0,0,0,0,5000000,1,0,0,0,0
20.0,22.8,1.3,0.502,5.0,16.7,0.6,0.4,12.2,20.8,-5.7,0,0,0,0,0,0,0,0,2710680,0,0,0,0,1
29.0,36.7,2.3,0.663,19.1,44.1,2.4,1.6,12.8,29.5,13.3,4,1,0,1,0,0,0,0,55224526,1,0,0,0,0
21.0,25.1,1.8,0.595,8.6,16.6,1.6,1.1,12.6,18.3,0.3,0,0,0,0,0,0,0,0,4445417,0,1,0,0,0
34.0,31.2,2.2,0.611,16.9,17.1,1.2,2.0,9.7,22.4,2.6,0,0,0,0,0,0,0,0,21481481,1,0,0,0,0
20.0,22.7,2.3,0.516,9.9,5.9,1.1,2.0,10.2,19.0,-4.1,0,0,0,0,0,0,0,0,3398640,0,1,0,0,0
31.0,32.6,1.9,0.615,5.5,10.2,1.8,0.5,9.2,26.1,1.5,0,0,0,0,0,0,0,0,20482758,0,0,0,0,1
27.0,36.6,2.3,0.591,7.6,8.5,2.0,2.2,8.3,19.7,0.7,0,0,0,0,0,0,0,0,39568966,0,1,0,0,0
26.0,19.6,1.4,0.642,11.5,11.9,1.4,1.6,9.5,20.1,1.7,0,0,0,0,0,0,0,0,14000000,0,1,0,0,0
24.0,27.2,2.0,0.601,7.5,7.9,1.6,1.6,8.9,14.6,-0.7,0,0,0,0,0,0,0,0,6383525,0,0,0,0,1
22.0,11.2,0.5,0.484,11.8,9.1,2.2,0.9,6.3,16.3,-2.1,0,0,0,0,0,0,0,0,3007080,0,1,0,0,0
24.0,27.9,2.6,0.634,17.5,11.4,1.6,3.0,10.4,17.3,1.3,0,0,0,0,0,0,0,0,15000000,1,0,0,0,0
22.0,17.1,1.7,0.61,11.9,9.1,1.3,2.6,15.7,10.5,-2.6,0,0,0,0,0,0,0,0,1955377,0,1,0,0,0
21.0,10.9,0.9,0.538,10.7,9.6,2.0,1.7,12.0,15.7,-0.9,0,0,0,0,0,0,0,0,6670882,1,0,0,0,0
39.0,19.3,2.7,0.643,7.9,0.0,0.9,1.6,12.5,6.0,-7.2,0,0,0,0,0,0,0,0,3468960,0,0,0,1,0
26.0,32.2,2.3,0.556,13.1,10.1,1.7,2.8,13.6,20.4,-0.9,0,0,0,0,0,0,0,0,14152174,0,1,0,0,0
19.0,6.2,0.4,0.446,9.3,5.6,1.3,1.7,10.6,14.7,-6.5,0,0,0,0,0,0,0,0,2847600,0,0,0,0,1
22.0,34.4,2.1,0.551,12.5,26.0,1.1,1.7,11.2,33.6,3.5,0,0,0,0,0,0,0,0,15334769,0,1,0,0,0
30.0,32.7,2.4,0.599,11.8,15.7,1.3,1.5,7.6,24.2,1.7,1,1,0,0,0,0,0,0,45550512,0,1,0,0,0
32.0,14.7,1.1,0.567,9.8,15.8,0.7,1.7,11.2,15.6,-2.3,0,0,0,0,0,0,0,0,9423869,0,0,0,0,1
23.0,25.0,1.4,0.512,7.9,10.3,1.4,1.8,13.5,16.9,-3.7,0,0,0,0,0,0,0,0,18000000,0,1,0,0,0
34.0,32.5,2.5,0.543,9.3,20.9,2.8,1.5,14.7,23.5,-0.4,0,0,0,0,0,0,0,0,51666090,0,1,0,0,0
27.0,28.4,1.5,0.633,7.3,18.1,1.5,0.6,8.4,19.0,3.5,1,0,1,0,0,0,0,0,7232143,0,0,1,0,0
23.0,14.2,1.7,0.546,6.5,11.6,2.0,0.9,9.5,14.4,-3.1,0,0,0,0,0,0,0,0,1955377,0,0,0,0,1
22.0,24.4,1.8,0.564,7.7,7.0,1.4,5.0,10.3,13.9,-1.8,0,0,0,0,0,0,0,0,4356476,0,0,0,1,0
24.0,16.3,2.0,0.595,11.6,12.2,1.1,2.5,10.3,19.6,0.1,0,0,0,0,0,0,0,0,1955377,0,1,0,0,0
24.0,32.2,2.4,0.547,10.5,27.3,1.2,0.9,12.9,28.7,0.6,0,0,0,0,0,0,0,0,27705357,0,0,0,1,0
20.0,8.8,0.7,0.499,8.2,7.6,1.7,0.8,16.2,16.8,-4.7,0,0,0,0,0,0,0,0,2221677,0,0,0,0,1
20.0,12.6,1.0,0.465,6.4,15.2,2.6,2.3,13.1,17.8,-1.7,0,0,0,0,0,0,0,0,10603560,0,0,1,0,0
23.0,17.1,0.9,0.502,9.7,11.4,1.3,1.0,8.9,20.3,-4.3,0,0,0,0,0,0,0,0,2221677,0,0,0,1,0
20.0,10.5,0.8,0.503,5.4,28.4,1.9,0.2,19.6,22.7,-4.2,0,0,0,0,0,0,0,0,6576120,0,0,1,0,0
27.0,17.6,1.6,0.679,18.2,8.6,1.8,8.5,16.6,12.2,3.0,0,0,0,0,0,0,0,0,13285713,1,0,0,0,0
19.0,15.6,1.7,0.556,9.5,8.9,1.9,1.3,13.3,18.1,-3.0,0,0,0,0,0,0,0,0,8657280,0,0,0,1,0
31.0,24.5,2.0,0.585,10.6,12.3,1.8,1.7,10.1,15.5,0.1,0,0,0,0,0,0,0,0,10125000,0,0,0,1,0
32.0,33.2,2.5,0.687,18.2,7.5,1.2,4.1,12.4,13.0,1.9,2,0,0,0,0,0,0,1,35000000,1,0,0,0,0
26.0,31.7,1.8,0.619,8.9,6.4,1.2,1.3,7.3,15.8,-0.7,0,0,0,0,0,0,0,0,18259259,0,1,0,0,0
36.0,27.9,2.5,0.532,9.7,28.8,2.4,1.6,20.6,23.8,-1.1,1,0,0,0,0,0,0,0,3468960,0,0,1,0,0
36.0,27.9,2.5,0.532,9.7,28.8,2.4,1.6,20.6,23.8,-1.1,1,0,0,0,0,0,0,0,3468960,0,0,1,0,0
22.0,19.1,2.2,0.517,10.6,5.7,1.5,2.7,7.5,16.7,-4.1,0,0,0,0,0,0,0,0,2657760,0,0,0,1,0
27.0,21.7,1.2,0.632,7.9,5.8,1.3,0.8,4.6,14.3,0.8,0,0,0,0,0,0,0,0,10044644,0,1,0,0,0
20.0,26.7,2.7,0.54,6.1,28.1,1.9,0.7,18.6,22.5,-2.2,0,0,0,0,0,0,0,0,10748040,0,0,1,0,0
23.0,32.8,1.7,0.523,12.6,27.7,2.1,2.8,13.4,27.0,2.4,0,0,0,0,0,0,0,0,38661750,0,1,0,0,0
24.0,21.3,2.6,0.582,8.1,27.1,2.8,1.6,17.1,19.3,1.9,0,0,0,0,0,0,0,0,2270735,0,0,1,0,0
21.0,31.3,1.7,0.551,7.8,14.2,1.3,0.6,11.0,25.1,-1.3,0,0,0,0,0,0,0,0,8399983,0,0,0,0,1
26.0,34.2,2.2,0.637,7.8,31.3,2.4,3.0,8.6,34.8,11.5,5,1,1,1,0,0,0,0,38333050,0,0,1,0,0
28.0,14.7,1.2,0.563,7.0,18.3,1.5,0.5,12.5,16.7,-2.2,0,0,0,0,0,0,0,0,3000000,0,0,0,0,1
29.0,16.5,1.3,0.544,9.6,6.9,1.2,0.9,11.6,15.8,-2.9,0,0,0,0,0,0,0,0,8307692,0,0,0,1,0
36.0,32.2,1.4,0.618,7.4,31.3,1.7,1.3,12.6,29.8,6.3,4,1,0,0,1,0,0,0,59606817,0,0,1,0,0
20.0,26.7,2.0,0.522,7.4,22.8,1.7,0.9,13.4,26.0,-3.2,1,0,1,0,0,0,0,0,9560520,0,0,0,0,1
27.0,20.0,1.1,0.526,6.4,14.7,1.2,0.9,14.1,20.3,-3.5,0,0,0,0,0,0,0,0,3675000,0,0,0,1,0
32.0,17.9,1.0,0.547,7.6,37.0,2.8,1.3,14.2,23.4,1.2,0,0,0,0,0,0,0,0,10200000,0,0,1,0,0
23.0,24.9,2.4,0.567,13.6,8.5,3.3,3.2,9.7,19.4,3.6,0,0,0,0,0,0,0,0,5675766,0,1,0,0,0
21.0,25.0,2.7,0.354,10.8,3.4,3.2,5.0,9.2,12.1,-3.5,0,0,0,0,0,0,0,0,6127080,0,1,0,0,0
28.0,21.1,1.9,0.584,7.8,11.7,1.6,1.0,9.6,14.7,-1.3,0,0,0,0,0,0,0,0,15500000,0,0,0,0,1
24.0,10.6,0.8,0.56,7.7,13.8,1.0,1.4,10.9,17.7,-2.1,0,0,0,0,0,0,0,0,2674080,0,0,0,0,1
30.0,25.9,1.1,0.497,7.9,14.8,1.1,0.8,10.3,20.4,-3.7,0,0,0,0,0,0,0,0,26643031,0,0,1,0,0
19.0,20.7,1.4,0.457,12.0,8.5,1.1,1.1,13.1,15.2,-5.2,0,0,0,0,0,0,0,0,7863240,0,1,0,0,0
32.0,31.6,1.9,0.571,10.4,9.8,1.5,2.4,8.8,17.6,0.1,0,0,0,0,0,0,0,0,26634146,0,1,0,0,0
24.0,32.7,2.9,0.572,9.6,9.6,2.2,1.8,12.4,14.4,-0.1,2,0,0,0,0,0,0,1,2221677,0,1,0,0,0
26.0,36.0,1.9,0.567,4.7,46.4,1.6,0.4,17.9,29.6,0.5,2,1,0,0,0,0,0,0,45999660,0,0,1,0,0
24.0,15.6,1.2,0.587,17.3,16.1,1.2,3.7,11.5,17.1,1.2,0,0,0,0,0,0,0,0,2221677,1,0,0,0,0
24.0,35.0,2.1,0.598,7.8,15.9,1.5,2.0,9.9,23.7,0.8,0,0,0,0,0,0,0,0,25000000,0,0,0,1,0
23.0,22.0,1.3,0.522,8.6,10.3,1.0,1.1,9.9,15.2,-2.6,0,0,0,0,0,0,0,0,3809520,0,0,0,1,0
25.0,35.4,1.1,0.605,8.1,26.2,1.3,0.6,11.5,28.0,3.1,1,1,0,0,0,0,0,0,31000000,0,0,0,0,1
23.0,7.2,0.6,0.453,5.2,29.5,2.0,1.3,16.7,15.8,-2.8,0,0,0,0,0,0,0,0,2191897,0,0,1,0,0
20.0,5.3,0.5,0.626,11.1,4.9,1.2,3.1,13.0,22.1,-0.9,0,0,0,0,0,0,0,0,1955377,0,1,0,0,0
24.0,33.6,1.3,0.616,5.9,38.9,2.1,1.8,9.8,21.6,5.8,1,0,0,0,0,1,0,0,45550512,0,0,1,0,0
24.0,37.7,2.2,0.562,5.0,28.0,2.3,1.1,9.2,29.8,2.0,1,0,0,0,0,0,0,0,37958760,0,0,1,0,0
31.0,19.1,1.1,0.462,6.0,24.3,0.9,0.0,20.9,19.9,-7.0,0,0,0,0,0,0,0,0,8109150,0,0,1,0,0
21.0,33.2,2.3,0.594,17.7,18.3,1.6,10.4,13.7,30.4,6.5,1,1,0,0,0,0,0,0,13376880,1,0,0,0,0
24.0,18.5,1.7,0.504,10.4,13.8,1.1,1.3,15.7,17.0,-2.8,0,0,0,0,0,0,0,0,2301587,0,0,0,0,1
24.0,20.2,1.8,0.661,7.4,16.5,1.5,2.1,13.8,12.9,0.7,0,0,0,0,0,0,0,0,2349578,0,0,1,0,0
23.0,30.0,2.2,0.66,21.9,8.3,1.0,7.4,15.0,13.7,1.8,0,0,0,0,0,0,0,0,4878938,1,0,0,0,0
25.0,25.9,2.9,0.544,16.0,11.5,1.5,2.2,11.9,16.0,-1.2,0,0,0,0,0,0,0,0,10850000,1,0,0,0,0
26.0,7.0,0.5,0.31,10.1,3.8,2.4,2.0,20.4,13.1,-8.1,0,0,0,0,0,0,0,0,2546675,1,0,0,0,0
20.0,26.8,2.0,0.572,16.6,7.2,0.9,4.8,12.4,14.3,-3.0,0,0,0,0,0,0,0,0,3353040,1,0,0,0,0
19.0,24.6,2.0,0.558,8.0,7.1,1.3,1.8,9.8,20.9,-3.5,1,0,0,0,0,0,0,0,13197720,0,0,0,1,0
27.0,15.3,2.1,0.605,15.6,15.6,1.4,2.6,15.1,17.1,0.0,0,0,0,0,0,0,0,0,18080496,0,1,0,0,0
22.0,21.5,2.8,0.624,20.5,6.1,1.2,5.5,15.3,16.4,-0.1,1,0,0,0,0,0,0,0,6045000,1,0,0,0,0
29.0,35.2,1.6,0.639,6.5,18.3,1.1,0.4,13.4,25.3,0.7,0,0,0,0,0,0,0,0,47499660,0,0,0,0,1
24.0,10.7,1.1,0.574,8.1,4.6,2.0,5.6,8.0,12.2,-1.3,0,0,0,0,0,0,0,0,8177778,0,1,0,0,0
24.0,28.6,2.7,0.6,13.6,36.6,2.1,3.0,12.8,34.7,7.0,0,0,0,0,0,0,0,0,39446090,0,1,0,0,0
